entry_order,ID,height,nodes,f_stem,v_stem,flowers,disease,antho,buds,condition,cut,x,y,h,relative_to,angle,roof,rock,cover,v_type,grass,dens,date,day,observer,recorder,tissue?,pass_of_transect,dead,flower?,more_tissue,eaten_by_cows,mowed_on,storm_damage,comments
1,pb0300,19,4,0,3,0,0,0,0,3,0,17.7,3.6,0,,1,1,1,2,n,3,4,20220513,,Sean,Agnese,y,1,,,,,,,
2,pc0017,16,4,0,1,0,0,0,0,3,0,18.15,3.43,0,,1,1,1,2,n,4,2,20220513,,Sean,Agnese,y,1,,,,,20220516,,
3,pc0003,54,8,0,13,0,0,0,1,3,0,20.2,4,0,,1,1,1,3,n,3,2,20220513,,Sean,Agnese,y,1,,,,,,,
4,pc0019,34,20,0,3,0,0,1,1,3,0,21.5,3.45,0,,1,1,1,3,n,3,3,20220513,,Sean,Agnese,y,1,,,,,,,
5,pb0275,36,7,0,5,0,0,0,0,3,0,29.95,5.4,1.75,,2,2,2,1,d,2,2,20220513,,Sean,Agnese,y,1,,,,,,,
6,pb0279,57,19,0,7,0,1,2,1,3,0,33.1,3.96,0,,1,1,2,2,n,2,2,20220513,,Sean,Agnese,y,1,,,,,,,
7,pb0235,33,9,0,1,0,0,0,0,3,0,33.9,3.8,0,,1,1,1,2,n,2,2,20220513,,Sean,Agnese,y,1,,,,,,,
8,pb0271,25,5,0,1,0,0,0,0,2,1,34,4.1,0,,1,1,1,2,n,2,2,20220513,,Sean,Agnese,y,1,,,,,,,
9,pc0013,44,10,0,4,0,0,0,0,3,0,34.05,4.4,0.1,,2,1,1,2,d,2,2,20220513,,Sean,Agnese,y,1,,,,,,,
10,pb0247,24,7,0,1,0,0,1,0,2,0,34.08,3.8,0,,1,1,1,2,n,2,2,20220513,,Sean,Agnese,y,1,,,,,,,
11,pb0224,41,15,0,1,0,0,0,0,3,1,35.1,4.03,0,,1,1,1,2,n,2,2,20220513,,Sean,Agnese,y,1,,,,,,,
12,pb0225,72,21,0,3,0,1,0,1,3,0,35.5,4.77,0.75,,4,2,4,1,na,1,1,20220513,,Sean,Agnese,y,1,,,,,,,
13,pc0022,38,19,0,3,0,0,0,1,3,0,47.8,4.73,0.6,,4,1,2,2,n,2,2,20220513,,Sean,Agnese,y,1,,,,,,,
14,pb0230,65,24,0,5,0,0,0,1,3,0,54.5,3.98,2.3,,2,2,2,2,d,3,2,20220513,,Sean,Agnese,y,1,,,,,,,
15,pc0004,32,17,0,2,0,0,0,1,2,0,55,3.09,0.28,,2,2,1,2,n,2,2,20220513,,Sean,Agnese,y,1,,,,,,,
16,pc0021,28,9,0,1,0,0,0,0,3,0,54.55,3.03,0.17,,2,2,1,2,n,2,2,20220513,,Sean,Agnese,y,1,,,,,,,
17,pc0011,17,4,0,1,0,0,0,0,2,0,55.55,3.21,0.38,,2,1,1,3,n,2,2,20220513,,Sean,Agnese,y,1,,,,,,,
18,pc0010,34,7,0,2,0,0,0,0,3,0,55.7,3.66,1.4,,2,1,2,3,n,2,3,20220513,,Sean,Agnese,y,1,,,,,,,
19,pc0002,46,24,0,2,0,0,0,0,3,0,58.7,2.68,0.43,,2,1,2,1,n,2,2,20220513,,Sean,Agnese,y,1,,,,,,,
20,pc0008,6,4,0,1,0,0,0,0,3,0,68,1.85,2.37,,2,1,3,1,na,1,1,20220513,,Sean,Agnese,y,1,,,,,,,
21,pc0020,27,9,0,2,0,0,0,0,3,0,83.9,1.67,1.39,,4,1,4,1,n,2,2,20220513,,Sean,Agnese,y,1,,,,,,,
22,pb0413,51,19,0,9,0,0,0,1,3,0,94,2.8,2.87,,2,1,2,2,d,2,2,20220513,,Sean,Agnese,y,1,,,,,,,
23,pb3824,37,9,0,3,0,0,0,0,3,0,95.6,2.39,2.73,,2,1,2,3,n,2,2,20220513,,Sean,Agnese,y,1,,,,,,,
24,pb0216,40,6,0,3,0,0,0,0,1,3,106.5,1.03,1.17,,4,2,4,1,na,1,1,20220513,,Sean,Agnese,y,1,,,,,,,
25,pc0005,62,26,0,3,0,0,1,1,3,0,117.1,0.87,0.15,,2,2,2,2,n,2,2,20220513,,Sean,Agnese,y,1,,y,,,,,
26,pb0211,32,11,0,3,0,0,0,0,3,0,136.3,1.3,1.4,,3,1,2,2,n,2,2,20220513,,Sean,Agnese,y,1,,,,,,,
27,pc0015,69,13,0,2,0,0,0,1,3,0,136.8,1.9,2.17,,3,1,2,2,n,2,2,20220513,,Sean,Agnese,y,1,,,,,,,
28,pc0007,37,12,0,3,0,0,2,0,3,0,137.2,1.63,1.68,,3,1,3,3,n,2,3,20220513,,Sean,Agnese,y,1,,,,,,,
29,pc0025,88,18,0,3,0,0,0,1,2,0,137.7,1.41,1.08,,2,1,2,3,n,2,2,20220513,,Sean,Agnese,y,1,,y,,,,,
30,pb0800,24,9,0,3,0,0,0,0,2,0,138.3,1.73,1.58,,3,1,2,2,n,4,2,20220513,,Sean,Agnese,y,1,,,,,,,
31,pc0018,34,12,0,1,0,0,1,0,3,0,139.1,2.4,1.89,,2,1,1,4,n,2,2,20220513,,Sean,Agnese,y,1,,,,,,,
32,pb0772,20,7,0,4,0,0,0,0,1,4,139.3,2.15,1.58,,2,1,1,3,n,2,3,20220513,,Sean,Agnese,y,1,,,,,,,
33,pc0023,49,12,0,3,0,0,0,0,3,0,154.45,1.08,0.4,,2,1,1,3,n,2,2,20220513,,Sean,Agnese,y,1,,y,,,,,
34,pc0024,52,14,0,2,0,0,0,0,3,0,162.7,0.92,1.1,,3,1,1,2,n,2,2,20220513,,Sean,Agnese,y,1,,,,,,,
35,pb0217,75,12,0,2,0,0,0,1,3,0,167.7,1.48,1.51,,4,1,2,2,n,2,2,20220513,,Sean,Agnese,y,1,,,,,,,
36,pc0009,76,19,0,6,0,0,0,1,3,0,170.05,1.7,2.48,,3,1,1,3,n,2,2,20220513,,Sean,Agnese,y,1,,,,,,,
37,pc0012,70,9,0,2,0,0,0,1,3,0,173.65,1.61,1.76,,4,2,2,2,n,2,2,20220513,,Sean,Agnese,y,1,,y,,,,,
38,pa0341,88,13,0,5,0,0,0,1,3,0,174.3,1,0.61,,3,1,1,2,n,2,2,20220513,,Sean,Agnese,y,1,,y,,,,,
39,pb4299,30,10,0,1,0,0,0,0,3,0,175.7,1.6,2.18,,3,2,2,3,n,2,2,20220514,,Agnese,Sean,y,1,,,,,,,
40,pa0350,32,13,0,1,0,0,0,0,2,0,177.1,1.22,1.1,,3,1,1,3,n,2,2,20220514,,Agnese,Sean,y,1,,,,,,,
41,pb4848,45,13,0,2,0,0,0,1,3,1,177.25,1.48,1.6,,3,2,2,3,n,2,2,20220514,,Agnese,Sean,y,1,,,,,,,
42,pc0014,43,26,0,5,0,0,0,1,3,0,178.8,2.6,2.2,,3,1,2,2,n,2,2,20220514,,Agnese,Sean,y,1,,y,,,,,
43,z0572,58,30,0,2,0,1,1,1,2,0,183.2,1.23,1.35,,3,1,3,2,n,2,2,20220514,,Agnese,Sean,y,1,,,,,,,
44,pc0030,12,4,0,1,0,0,3,0,3,0,183.95,1,1.22,,4,1,2,2,d,3,2,20220514,,Agnese,Sean,y,1,,,y,,,,
45,pc0031,72,34,0,2,0,0,0,1,3,1,185.95,1.36,2.05,,4,1,2,2,n,4,2,20220514,,Agnese,Sean,y,1,,,,,,,
46,pc0027,73,24,0,2,0,0,0,1,3,0,186.3,1.25,2.56,,3,2,2,3,n,3,2,20220514,,Agnese,Sean,y,1,,,,,,,
47,pc0041,29,15,0,1,0,0,1,0,3,0,188.3,1.34,1.74,,3,2,2,2,n,3,2,20220514,,Agnese,Sean,y,1,,,,,,,
48,pc0048,66,18,0,2,0,0,0,1,3,0,188.7,1.22,1.65,,3,1,1,3,n,2,2,20220514,,Agnese,Sean,y,1,,,,,,,
49,pc0026,46,10,0,1,0,0,0,1,3,0,188.55,2.15,2.6,,3,2,1,3,n,2,2,20220514,,Agnese,Sean,y,1,,,,,,,
50,pb0232,59,10,0,2,0,0,0,1,3,1,209.4,3.3,1.52,,2,1,1,3,n,2,2,20220514,,Agnese,Sean,y,1,,,,,,,
51,pa2468,42,13,0,5,0,0,1,1,3,0,210.35,2.05,3.65,,3,1,2,1,d,2,2,20220514,,Sean,Agnese,y,1,,,,,,,
52,pa2472,63,19,0,2,0,0,1,1,3,4,220.15,1.7,2.92,,4,2,3,2,n,2,2,20220514,,Sean,Agnese,y,1,,,,,,,
53,pc0045,35,17,0,1,0,0,0,0,3,0,225.3,1.33,0.4,,2,1,1,2,n,2,2,20220514,,Sean,Agnese,y,1,,,,,,,
54,pb3894,39,12,0,1,0,0,0,0,3,0,226.3,1.85,1.02,,3,1,1,1,n,2,2,20220514,,Sean,Agnese,y,1,,,,,,,
55,pc0038,21,10,0,2,0,0,0,0,3,0,226.15,1.96,1.73,,2,1,1,1,n,2,2,20220514,,Sean,Agnese,y,1,,,,,,,
56,pc0016,33,9,0,2,0,0,1,0,3,1,226.4,1.3,0.19,,3,1,1,3,n,2,2,20220514,,Sean,Agnese,y,1,,,,,,,
57,pc0033,68,20,0,5,0,0,0,1,3,0,227.35,1.37,0.2,,2,1,1,2,n,2,2,20220514,,Sean,Agnese,y,1,,,,,,,
58,pb0219,64,18,0,7,0,0,0,1,3,0,227.35,2.1,2.24,,3,1,1,2,n,2,2,20220514,,Sean,Agnese,y,1,,,,,,,
59,pb0241,28,10,0,1,0,0,1,1,3,0,232.3,1.95,1.7,,3,1,3,1,n,2,2,20220514,,Sean,Agnese,y,1,,y,,,,,
60,z0464,53,14,0,8,0,0,0,1,3,1,232.6,2.1,2,,4,1,2,2,n,2,2,20220514,,Sean,Agnese,y,1,,,,,,,
61,pc0039,34,11,0,2,0,0,0,0,3,0,233,1.95,3.1,,3,1,1,1,n,2,2,20220514,,Sean,Agnese,y,1,,,,,,,
62,pc0049,52,16,0,1,0,0,0,1,3,0,233.3,1.95,3.1,,3,1,1,2,n,2,2,20220514,,Sean,Agnese,y,1,,,,,,,
63,pc0036,51,20,0,2,0,0,0,1,3,0,233.15,1.95,3.6,,2,1,1,2,n,2,2,20220514,,Sean,Agnese,y,1,,,,,,,
64,pc0047,26,10,0,3,0,0,0,0,3,0,233.65,1.95,3.5,,3,1,1,2,n,2,2,20220514,,Sean,Agnese,y,1,,,,,,,
65,pb0200,56,11,0,1,0,0,0,1,3,1,236.75,2.01,0.98,,4,1,2,3,n,2,2,20220514,,Sean,Agnese,y,1,,,,,,,
66,pc0034,46,19,0,2,0,1,1,1,2,0,237.35,2.02,1.16,,4,1,4,1,n,4,2,20220514,,Sean,Agnese,y,1,,y,,,,,
67,pb0163,17,10,0,1,0,0,0,0,3,0,237.65,2.22,1.56,,4,1,4,1,n,2,2,20220514,,Sean,Agnese,y,1,,,,,,,
68,pb4841,27,7,0,2,0,0,0,0,1,2,238.65,2.4,2.2,,4,1,3,1,n,2,2,20220514,,Sean,Agnese,y,1,,,,,,,
69,pc0042,33,14,0,1,0,0,0,0,3,0,242.05,2,0.97,,2,2,1,2,n,2,2,20220514,,Sean,Agnese,y,1,,,,,,,
70,pc0046,65,17,0,2,0,0,0,0,3,0,242.65,2.55,1.57,,1,2,1,2,n,2,2,20220514,,Sean,Agnese,y,1,,,,,,,
71,pc0044,28,7,0,2,0,0,2,0,3,0,243.7,1.8,1.44,,2,1,1,1,n,3,2,20220514,,Sean,Agnese,y,1,,,,,,,
72,pc0006,62,14,0,1,0,0,0,1,3,0,243.7,3,3.34,,4,3,4,1,n,2,2,20220514,,Sean,Agnese,y,1,,,,,,,
73,pc0029,32,16,0,3,0,0,1,1,3,0,244.3,1.59,1.01,,4,1,3,2,n,2,2,20220514,,Sean,Agnese,y,1,,,,,,,
74,pb4113,12,6,0,2,0,0,2,0,3,0,244.4,1.59,1.01,,4,1,3,2,n,2,2,20220514,,Sean,Agnese,y,1,,,,,,,
75,pc0043,18,4,0,2,0,0,2,0,3,0,244.6,1.54,1.4,,4,1,2,3,n,3,3,20220514,,Sean,Agnese,y,1,,,,,,,
76,pc0075,39,16,0,2,0,0,1,0,3,0,245,1.8,1.6,,2,1,1,2,n,2,2,20220514,,Sean,Agnese,y,1,,,,,,,
77,pc0060,17,7,0,1,0,0,0,0,3,0,145.3,2.1,1.7,,2,1,1,2,n,2,2,20220514,,Sean,Agnese,y,1,,,,,,,
78,pc0035,68,21,0,5,0,0,0,1,3,1,245.85,1.53,1.3,,4,1,2,2,n,3,2,20220514,,Sean,Agnese,y,1,,,,,,,
79,pc0073,26,7,0,2,0,0,1,0,3,0,246.15,1.59,1.77,,3,1,1,3,n,2,2,20220514,,Sean,Agnese,y,1,,,,,,,
80,pc0050,20,5,0,1,0,0,2,0,3,0,246.25,2.15,2.13,,3,2,3,2,n,2,2,20220514,,Sean,Agnese,y,1,,,,,,,
81,pc0037,21,13,0,1,0,0,0,0,3,0,246.65,1.64,1.48,,3,1,1,2,n,2,2,20220514,,Sean,Agnese,y,1,,,,,,,
82,pa0447,67,24,0,1,0,0,0,1,3,1,251.65,1.25,2.3,,4,2,3,2,n,2,2,20220514,,Sean,Agnese,y,1,,,,,,,
83,z0455,20,7,0,1,0,0,0,0,3,3,259.4,1.39,2.43,,3,2,3,1,n,4,2,20220514,,Sean,Agnese,y,1,,,,,,,
84,pc0071,28,9,0,4,0,0,1,0,2,0,262.2,1.35,1.02,,3,2,3,1,n,2,2,20220514,,Sean,Agnese,y,1,,,,,,,
85,pc0054,35,9,0,3,0,0,2,1,3,0,262.8,1.07,1.01,,3,2,4,1,n,2,2,20220514,,Sean,Agnese,y,1,,,,,,,
86,pb0158,64,14,0,1,0,0,0,1,3,0,265.3,1.13,3.1,,4,1,2,1,n,3,2,20220514,,Sean,Agnese,y,1,,,,,,,
87,pb0185,45,12,0,4,0,0,0,1,3,2,269.3,0.8,0.1,,2,1,1,2,n,2,2,20220514,,Sean,Agnese,y,1,,,,,,,
88,pc0032,18,4,0,2,0,0,0,0,3,2,272,0.87,0.99,,3,2,1,2,n,2,2,20220514,,Sean,Agnese,y,1,,,,,,,
89,pb0190,26,10,0,1,0,0,2,0,3,0,273.25,1,1.4,,3,1,1,3,n,2,2,20220514,,Sean,Agnese,y,1,,,,,,,
90,pb0171,42,10,0,2,0,0,0,1,3,0,273.65,1.45,1.61,,2,1,1,3,n,2,2,20220514,,Sean,Agnese,y,1,,,,,,,
91,pc0028,14,6,0,2,0,0,1,0,3,0,274.85,1.02,0.91,,3,1,1,2,n,2,2,20220514,,Sean,Agnese,y,1,,,,,,,
92,pb0151,12,3,0,2,0,0,0,0,1,1,276.1,1.2,0.94,,3,1,1,3,n,2,3,20220514,,Sean,Agnese,y,1,,,,,,,
93,pb2866,20,8,0,3,0,0,0,0,3,0,276.35,1.97,2.2,,2,1,3,2,n,2,2,20220514,,Sean,Agnese,y,1,,,,,,,
94,pc0066,16,9,0,1,0,0,0,0,3,0,285.5,2.16,2.12,,3,2,2,2,n,2,3,20220514,,Sean,Agnese,y,1,,,,,,,
95,pc0074,23,7,0,1,0,0,0,0,3,0,285.7,1.56,0.75,,3,1,1,2,n,2,2,20220514,,Sean,Agnese,y,1,,,,,,,
96,pb0169,18,4,0,2,0,0,1,0,3,0,288.45,1.5,0.29,,3,1,1,3,n,2,3,20220514,,Sean,Agnese,y,1,,,,,,,
97,pc0058,28,8,0,1,0,0,0,0,2,0,289.3,1.65,0.21,,3,1,1,2,n,2,2,20220514,,Sean,Agnese,y,1,,,,,,,
98,pb0196,16,6,0,2,0,0,0,0,1,3,289.85,1.8,0.45,,3,1,1,2,n,4,3,20220514,,Sean,Agnese,y,1,,,,,,,
99,pb0193,37,13,0,4,0,0,0,1,2,3,290.3,1.7,0.34,,3,1,1,3,n,2,2,20220514,,Sean,Agnese,y,1,,,,,,,
100,pb2873,36,14,0,1,0,0,0,0,2,1,295.25,3.58,2.87,,4,2,4,1,n,2,2,20220514,,Sean,Agnese,y,1,,,,,,,
101,pb0174,31,11,0,5,0,0,0,0,2,1,301.7,2.99,1.14,,3,1,2,2,n,2,2,20220514,,Sean,Agnese,y,1,,,,,,,
102,pb0377,69,24,0,2,0,0,0,1,3,0,318.7,1.89,1.62,,3,1,1,2,n,2,2,20220515,,Sean,Agnese,y,1,,,,,,,
103,pb0460,21,5,0,1,0,0,0,0,3,0,321.4,2.79,3.3,,2,1,1,1,n,2,2,20220515,,Sean,Agnese,y,1,,,,,,,
104,pc0040,55,15,0,2,0,0,1,1,3,0,322.1,2.4,2.22,,3,1,2,1,n,2,2,20220515,,Sean,Agnese,y,1,,,,,,,
105,pc0052,29,19,0,2,0,0,0,1,3,0,322.7,2.4,2.22,,3,1,3,1,n,2,2,20220515,,Sean,Agnese,y,1,,,,,,,
106,pb2552,31,12,0,1,0,0,0,1,3,0,324.4,2.52,3.77,,3,2,1,1,n,2,2,20220515,,Sean,Agnese,y,1,,,,,,,
107,pb0779,40,16,0,2,0,0,0,0,3,0,326.15,3.02,4.27,,2,2,1,2,n,2,2,20220515,,Sean,Agnese,y,1,,,,,,,
108,pb0184,60,22,0,2,0,0,0,1,3,0,340.1,2.4,2.4,,3,1,3,1,n,2,2,20220515,,Sean,Agnese,y,1,,,,,,,
109,pc0070,63,21,0,2,0,0,1,1,3,0,344.9,2.1,2.89,,3,1,1,1,n,2,2,20220515,,Sean,Agnese,y,1,,,,,,,
110,pb4285,38,16,0,2,0,0,0,0,3,0,348.5,2.8,2.85,,2,1,4,1,n,4,2,20220515,,Sean,Agnese,y,1,,,,,,,
111,pa2495,50,21,0,1,0,0,1,0,3,0,358.9,1.3,1.4,,4,1,3,1,n,2,2,20220515,,Sean,Agnese,y,1,,,,,,,
112,z1259,23,19,0,2,0,0,0,0,3,0,359.85,1.2,1.92,,3,1,1,2,n,2,2,20220515,,Sean,Agnese,y,1,,,,,,,
113,pc0072,35,14,0,2,0,0,0,0,3,0,362.2,1.9,2.79,,2,2,1,1,n,2,2,20220515,,Sean,Agnese,y,1,,,,,,,
114,pc0057,46,10,0,4,0,0,0,1,3,0,362.8,1.9,2.79,,2,2,2,1,na,1,1,20220515,,Sean,Agnese,y,1,,,,,,,
115,pc0059,65,11,0,6,0,0,0,1,3,0,363.75,1.34,2.7,,3,1,1,1,n,2,2,20220515,,Sean,Agnese,y,1,,,,,,,
116,pb4707,105,36,0,1,0,0,0,1,3,0,364.15,1.4,1.06,,4,2,4,1,n,2,2,20220515,,Sean,Agnese,y,1,,,,,,,
117,pc0068,9,3,0,1,0,0,0,0,3,0,363.5,1.13,0.6,,4,2,3,2,n,2,2,20220515,,Sean,Agnese,y,1,,,,,,,
118,pc0053,49,9,0,1,0,0,0,1,3,0,364.5,1.4,1.53,,4,2,3,2,n,2,2,20220515,,Sean,Agnese,y,1,,y,,,,,
119,pc0069,26,11,0,1,0,0,0,0,3,0,364.4,1.3,1.72,,2,2,2,1,n,2,2,20220515,,Sean,Agnese,y,1,,,,,,,
120,pc0064,63,22,0,4,0,0,0,1,3,0,365.3,1.49,1.46,,3,1,3,1,n,2,2,20220515,,Sean,Agnese,y,1,,,,,,,
121,pc0081,27,11,0,1,0,0,0,0,3,0,365.95,1.22,0.86,,4,1,2,2,n,2,2,20220515,,Sean,Agnese,y,1,,,,,,,
122,pc0056,21,6,0,2,0,0,0,0,3,0,366.4,1.22,0.86,,3,1,2,1,n,2,2,20220515,,Sean,Agnese,y,1,,,,,,,
123,pc0062,49,13,0,3,0,0,0,0,3,0,367.65,1.75,1.36,,2,2,2,2,n,2,2,20220515,,Sean,Agnese,y,1,,,,,,,
124,pb0143,11,4,0,3,0,0,0,0,3,0,368.95,1.53,1.28,,3,1,1,1,n,4,2,20220515,,Sean,Agnese,y,1,,,,,,,
125,pc0067,67,16,0,2,0,0,0,1,3,0,370.8,2.17,1.64,,3,1,1,2,n,2,2,20220515,,Sean,Agnese,y,1,,,,,,,
126,pb0132,94,23,0,4,0,0,0,1,3,0,371.4,1.92,1.17,,3,1,1,2,d,2,2,20220515,,Sean,Agnese,y,1,,,,,,,
127,pc0061,81,22,0,12,0,0,0,1,3,0,373.05,1.65,0.2,,2,1,1,2,n,2,2,20220515,,Sean,Agnese,y,1,,,,,,,
128,pc0084,67,24,0,4,0,0,0,1,3,0,373,4,3.78,,3,1,2,3,n,2,2,20220515,,Sean,Agnese,y,1,,,,,,,
129,pb4575,67,22,0,1,0,0,1,1,2,0,374.2,2.9,2.78,,3,2,1,2,n,2,2,20220515,,Sean,Agnese,y,1,,,,,,,
130,pb4569,30,11,0,2,0,0,0,0,2,0,377.2,2.3,2.04,,2,1,1,1,n,3,2,20220515,,Sean,Agnese,y,1,,,,,,,
131,z2111,57,17,0,5,0,0,0,1,3,0,380.25,2.5,3.36,,2,2,1,3,n,2,2,20220515,,Sean,Agnese,y,1,,,,,,,
132,pa1851,50,12,0,5,0,0,0,1,3,0,380.85,1.34,1.7,,4,1,2,2,n,2,2,20220515,,Sean,Agnese,y,1,,,,,,,
133,pb0144,5,4,0,3,0,0,0,0,3,0,395.6,2.7,1.92,,2,2,1,1,n,2,2,20220515,,Sean,Agnese,y,1,,,,,,,
134,pb3356,4,3,0,7,0,0,0,0,3,0,402.5,2.28,1.29,,2,2,1,2,n,2,2,20220515,,Sean,Agnese,y,1,,,,,,,
135,pc0096,5,3,0,2,0,0,1,0,3,0,402.8,2.38,1.44,,2,2,1,1,n,2,2,20220515,,Sean,Agnese,y,1,,,,,,,
136,pb0129,33,12,0,5,0,0,0,1,3,0,411.1,1.45,1.43,,4,2,2,1,n,2,2,20220515,,Sean,Agnese,y,1,,,,,,,
137,pb0461,46,22,0,2,0,0,0,1,3,0,424.5,1.58,1.68,,3,1,2,1,n,2,2,20220515,,Sean,Agnese,y,1,,,,,,,
138,pc0092,40,21,0,4,0,0,0,1,3,0,441.3,1.75,1.97,,2,1,3,1,na,1,1,20220515,,Sean,Agnese,y,1,,y,,,,,
139,pb0116,12,6,0,1,0,0,1,0,3,0,446.35,1,0.7,,3,1,1,4,d,2,3,20220515,,Sean,Agnese,y,1,,,,,,,
140,pc0093,11,5,0,1,0,0,1,0,3,0,453.9,0.99,0.33,,3,1,1,2,n,2,2,20220515,,Sean,Agnese,y,1,,,,,,,
141,pc0080,24,7,0,2,0,0,0,0,3,0,453.55,1.2,0.87,,3,1,2,2,n,2,2,20220515,,Sean,Agnese,y,1,,,,,,,
142,pc0076,13,5,0,4,0,0,0,0,2,2,454,1.15,0.8,,3,1,2,2,n,2,2,20220515,,Sean,Agnese,y,1,,,,,,,
143,pc0001,10,6,0,1,0,0,0,0,3,0,453.85,1.38,1.2,,3,1,2,2,n,2,2,20220515,,Sean,Agnese,y,1,,,,,,,
144,pc0078,20,7,0,1,0,0,0,0,2,1,454.55,1.18,0.72,,3,1,1,2,n,2,2,20220515,,Sean,Agnese,y,1,,,,,,,
145,pc0097,40,20,0,1,0,0,0,1,3,0,455.05,1.5,1.71,,2,1,1,1,n,2,2,20220515,,Sean,Agnese,y,1,,,,,,,
146,pc0085,17,7,0,4,0,0,0,0,3,0,455.3,1.2,0.92,,3,1,1,1,n,2,2,20220515,,Sean,Agnese,y,1,,,,,,,
147,pc0086,16,6,0,2,0,0,1,0,3,0,458.9,1.22,1.45,,3,1,3,1,n,2,2,20220515,,Sean,Agnese,y,1,,,,,,,
148,pc0091,3,4,0,1,0,0,2,0,3,0,458.8,1.2,1.03,,3,1,4,1,na,1,1,20220515,,Sean,Agnese,n,1,dead day 55,,y,,,,
149,pc0083,15,6,0,1,0,0,0,0,3,0,459.1,1.77,2.25,,4,3,4,1,n,2,2,20220515,,Sean,Agnese,y,1,,,,,,,
150,pb0137,10,4,0,2,0,0,0,0,1,2,459.35,1.52,1.97,,3,1,3,1,n,2,2,20220515,,Sean,Agnese,n,1,dead day 55,,y,,,,
151,pb0117,10,4,0,2,0,0,1,0,3,0,459.6,1.24,1.5,,3,1,2,3,n,2,2,20220515,,Sean,Agnese,y,1,,,,,,,
152,pb0105,32,13,0,2,0,0,0,1,3,0,459.95,1.2,1.56,,3,1,2,3,n,2,3,20220515,,Sean,Agnese,y,1,,,,,,,
153,pc0089,31,11,0,1,0,0,0,1,3,0,460.1,1.2,1.17,,3,2,2,1,n,2,2,20220515,,Sean,Agnese,y,1,,,,,,,
154,pb0111,16,7,0,2,0,0,0,0,1,0,461.15,1.18,1.67,,3,1,3,2,n,4,2,20220515,,Sean,Agnese,y,1,,,,,,,
155,pb0120,14,7,0,3,0,0,0,0,3,0,461.6,1.87,2.9,,2,1,3,1,n,2,2,20220515,,Sean,Agnese,y,1,,,,,,,
156,pb0134,17,8,0,4,0,0,0,0,3,0,461.4,1.77,2.8,,2,1,3,1,n,2,2,20220515,,Sean,Agnese,y,1,,,,,,,
157,pb0747,20,4,0,2,0,0,1,0,3,1,462.05,1.53,2.74,,3,2,2,2,n,2,3,20220515,,Sean,Agnese,y,1,,,,,,,
158,pb0114,22,9,0,4,0,0,0,1,3,0,461.9,1.15,2.06,,3,1,3,1,n,2,2,20220515,,Sean,Agnese,y,1,,,,,,,
159,pb0118,6,4,0,3,0,0,0,0,3,0,462.3,1.5,2.34,,3,1,2,1,n,2,2,20220515,,Sean,Agnese,y,1,,,y,,,,
160,pb0051,6,3,0,1,0,0,1,0,2,0,462.95,1.04,0.59,,3,1,4,1,na,1,1,20220515,,Sean,Agnese,y,1,,,,,,,
161,pb0119,13,4,0,3,0,0,0,0,3,0,463.3,1.52,2.27,,3,1,3,1,n,2,2,20220515,,Sean,Agnese,y,1,,,,,,,
162,pb0425,7,4,0,1,0,0,1,0,3,0,466.7,1.65,1.8,,3,3,3,1,n,2,2,20220515,,Sean,Agnese,y,1,,,,,,,
163,pc0088,19,7,0,3,0,0,1,0,2,1,464.8,1.51,1.68,,3,1,3,1,n,2,2,20220515,,Sean,Agnese,y,1,,,,,,,
164,pb0064,16,6,0,2,0,0,1,0,3,2,468.5,1.3,0.8,,3,1,1,3,n,2,3,20220515,,Sean,Agnese,y,1,,,,,,,
165,pb0093,13,5,0,3,0,0,1,0,3,0,469.5,1.15,0.3,,3,1,1,2,n,2,2,20220515,,Sean,Agnese,y,1,,,,,,,
166,pb4573,34,13,0,1,0,0,0,1,3,0,469.8,2.27,3.04,,2,2,3,1,n,2,2,20220515,,Sean,Agnese,y,1,,,,,,,
167,pc0055,25,8,0,1,0,0,0,0,3,0,472.2,1.24,0.3,,3,2,1,3,n,2,2,20220515,,Sean,Agnese,y,1,,,,,,,
168,pc0077,21,11,0,1,0,0,2,0,3,0,473.1,1.73,2.84,,3,2,4,1,na,1,1,20220515,,Sean,Agnese,y,1,,,,,,,
169,pc0079,40,12,0,7,0,0,0,0,3,0,474.4,1.22,0.22,,3,1,1,3,n,2,3,20220515,,Sean,Agnese,y,1,,,,,,,
170,pc0082,9,4,0,1,0,0,2,0,3,0,475.4,1.15,0.28,,3,1,1,3,n,3,3,20220515,,Sean,Agnese,y,1,,,,,,,
171,pc0063,14,7,0,2,0,0,1,0,2,0,475.4,1.28,0.6,,3,1,1,3,n,3,2,20220515,,Sean,Agnese,y,1,,,,,,,
172,pc0098,26,12,0,1,0,0,0,0,3,0,475.4,1.19,0.56,,3,1,1,2,n,2,2,20220515,,Sean,Agnese,y,1,,,,,,,
173,pc0094,50,16,0,2,0,1,0,1,3,0,476.1,1.41,0.87,,3,1,2,2,n,2,2,20220515,,Sean,Agnese,y,1,,y,,,,,
174,pc0099,40,10,0,1,0,0,0,1,3,0,476.85,1.07,0.18,,3,1,1,3,n,2,2,20220515,,Sean,Agnese,y,1,,,,,,,
175,pa2389,61,23,0,3,0,0,1,1,3,0,477.1,1.94,2.68,,3,1,4,1,na,1,1,20220515,,Sean,Agnese,y,1,,,,,,,
176,pc0087,8,4,0,2,0,0,0,0,3,0,477.6,1.69,2.3,,3,1,4,1,na,1,1,20220515,,Sean,Agnese,y,1,,,,,,,
177,pc0100,7,5,0,1,0,0,1,0,3,0,478.2,1.3,0.64,,2,1,1,2,n,2,2,20220515,,Sean,Agnese,n,1,dead day 55,,y,,,,
178,pc0095,9,8,0,1,0,0,2,0,3,0,480.1,1.55,1.33,,3,2,4,1,na,1,1,20220515,,Sean,Agnese,y,1,,,y,,,,
179,pc0090,23,11,0,2,0,0,0,0,3,0,481.6,2.7,2.75,,2,2,2,1,n,2,2,20220515,,Sean,Agnese,y,1,,,,,,,
180,pc0116,10,4,0,1,0,0,1,0,3,0,481.85,1.22,0.7,,3,1,1,1,n,2,2,20220515,,Sean,Agnese,y,1,,,,,,,
181,pc0065,7,3,0,2,0,1,1,0,2,0,482.85,1.19,0.6,,3,1,1,3,n,2,2,20220515,,Sean,Agnese,y,1,,,y,,,,
182,pc0101,18,5,0,1,0,0,0,0,2,1,485.95,1.09,0.25,,3,2,4,1,n,2,2,20220515,,Sean,Agnese,y,1,,,,,,,
183,z2983,28,12,0,2,0,0,1,0,3,0,487.1,2.37,2.76,,3,3,4,1,na,1,1,20220515,,Sean,Agnese,y,1,,,,,,,
184,pb0072,27,9,0,2,0,1,0,0,2,0,487.3,1.48,1.05,,3,2,3,2,n,4,2,20220515,,Sean,Agnese,y,1,,,,,,,
185,pb4850,14,8,0,3,0,0,2,0,3,1,488.75,1.65,0.74,,3,2,1,2,n,2,2,20220516,,Sean,Agnese,y,1,,,,,,,
186,pc0108,34,11,0,3,0,0,0,0,3,0,488.2,1.58,0.93,,3,2,2,3,n,2,2,20220516,,Sean,Agnese,y,1,,,,,,,
187,pc0107,18,7,0,3,0,0,0,0,3,0,489.2,1.57,0.54,,3,2,1,1,n,2,2,20220516,,Sean,Agnese,y,1,,,,,,,
188,pb0066,56,19,0,2,0,0,0,1,3,0,494.35,1.79,1.94,,2,1,2,1,n,2,2,20220516,,Sean,Agnese,y,1,,,,,,,
189,pb0070,54,11,0,8,0,0,0,0,3,0,495.2,1.42,1.38,,3,1,3,2,n,2,2,20220516,,Sean,Agnese,y,1,,,,,,,
190,pc0119,20,6,0,2,0,1,1,0,3,0,495.35,1.41,1.2,,3,1,3,2,n,4,2,20220516,,Sean,Agnese,y,1,,,,,,,
191,pb3826,9,4,0,4,0,0,0,0,2,3,495.6,1.48,1.47,,3,1,2,2,n,2,2,20220516,,Sean,Agnese,n,1,dead day 55,,,,,,
192,pc0104,68,28,0,3,0,0,0,1,3,0,498,1.47,1.42,,3,1,3,1,n,4,2,20220516,,Sean,Agnese,y,1,,,,,,,
193,pc0114,49,22,0,1,0,0,0,1,3,0,498.75,1.59,1.5,,2,2,2,1,n,2,2,20220516,,Sean,Agnese,y,1,,y,,,,,
194,pc0121,3,3,0,3,0,0,1,0,2,0,498.05,1.23,0.61,,3,1,4,1,na,1,1,20220516,,Sean,Agnese,n,1,dead day 55,,,,,,
195,pb4292,6,4,0,2,0,0,1,0,3,1,499.9,1.44,1.75,,2,2,3,1,n,2,2,20220516,,Sean,Agnese,y,1,,,,,,,
196,pb0085,39,11,0,4,0,1,0,1,3,0,500.4,1.29,2.32,,3,1,3,1,n,2,2,20220516,,Sean,Agnese,y,1,,,,,,,
197,pc0123,12,5,0,1,0,0,0,0,3,0,500.45,1.59,2.53,,2,1,2,2,n,2,2,20220516,,Sean,Agnese,y,1,,,,,,,
198,pc0103,28,12,0,2,0,0,3,0,3,0,500.55,1.24,2.03,,4,1,4,1,na,1,1,20220516,,Sean,Agnese,y,1,,,,,,,
199,pc0112,16,8,0,1,0,0,0,1,3,0,50.95,1.44,2.23,,3,1,3,1,n,2,2,20220516,,Sean,Agnese,y,1,,y,,,,,
200,pc0111,32,10,0,2,0,0,0,1,3,0,501.4,1.06,1.02,,2,1,3,1,n,2,2,20220516,,Sean,Agnese,y,1,,y,,,,,
201,pc0124,5,4,0,3,0,0,1,0,3,0,501.7,0.83,1.67,,2,1,3,1,d,2,2,20220516,,Sean,Agnese,y,1,,,,,,,
202,pc0115,10,6,0,1,0,0,0,0,3,0,506.65,0.93,0.26,,3,2,3,2,n,2,2,20220516,,Sean,Agnese,y,1,,,,,,,
203,pc0110,21,12,0,2,0,0,1,0,3,0,529.55,0.97,0.27,,2,2,2,2,n,2,2,20220516,,Sean,Agnese,y,1,,,,,,,
204,pc0105,15,8,0,2,0,1,2,0,2,0,532.9,1.53,1.27,,3,1,3,1,d,2,2,20220516,,Sean,Agnese,y,1,,,,,,,
205,pc0106,17,7,0,2,0,0,1,0,3,2,535.25,1.55,0.9,,2,1,1,3,n,2,2,20220516,,Sean,Agnese,y,1,,,,,,,
206,pc0113,30,6,0,2,0,0,0,0,3,1,537.4,1.87,0.74,,2,1,1,2,n,3,2,20220516,,Sean,Agnese,y,1,,,,,,,
207,pc0125,39,9,0,1,0,0,1,1,3,0,538.55,1.05,0,,1,1,1,1,n,3,2,20220516,,Sean,Agnese,y,1,,,,,,,
208,pb4329,43,13,0,2,0,0,2,1,3,0,541.9,2.87,1.52,,2,1,1,3,n,2,3,20220516,,Sean,Agnese,y,1,,,,,,,
209,pc0117,46,9,0,1,0,0,0,1,3,0,545.9,2.07,0.6,,2,1,1,4,n,2,3,20220516,,Sean,Agnese,y,1,,,,,,,
210,pc0118,34,11,0,9,0,0,0,0,3,0,548.95,2.3,1.18,,2,1,1,4,n,2,3,20220516,,Sean,Agnese,y,1,,,,,,,
211,pc0109,28,9,0,2,0,0,0,0,3,0,554.05,1.95,0.96,,2,1,1,3,n,2,2,20220516,,Sean,Agnese,y,1,,,,,,,
212,pc0120,20,7,0,5,0,0,0,0,3,0,552.1,1.95,0.9,,2,1,1,3,n,2,2,20220516,,Sean,Agnese,y,1,,,,,,,
213,pa2399,18,9,0,3,0,0,1,1,3,0,565.7,2.34,1.76,,3,1,4,1,n,2,2,20220516,,Sean,Agnese,y,1,,,,,,,
214,pb4296,18,7,0,3,0,0,1,0,3,0,567.25,2.16,1.86,,3,1,2,1,n,2,2,20220516,,Sean,Agnese,y,1,,,,,,,
215,pc0102,20,9,0,2,0,0,1,0,3,1,567.35,1.22,0.4,,2,1,1,2,n,2,2,20220516,,Sean,Agnese,y,1,,,,,,,
216,pc0122,34,13,0,4,0,0,0,0,3,0,574,1.56,0.8,,3,2,2,2,n,2,2,20220516,,Sean,Agnese,y,1,,,,,,,
217,pc0149,12,4,0,2,0,0,0,0,3,2,574.25,1.46,0.76,,3,2,1,1,n,2,2,20220516,,Sean,Agnese,y,1,,,,,,,
218,z0191,27,8,0,1,0,0,0,0,3,0,576,2.45,3.11,,3,3,2,1,n,2,2,20220516,,Sean,Agnese,y,1,,,,,,,
219,pb0073,15,7,0,2,0,0,0,0,3,0,587.05,1.6,1.31,,3,2,1,2,n,2,2,20220516,,Sean,Agnese,y,1,,,,,,,
220,pc0143,20,6,0,5,0,0,0,0,3,0,587.4,1.26,0.2,,2,2,1,2,n,2,2,20220516,,Sean,Agnese,y,1,,,,,,,
221,pb4857,17,7,0,2,0,0,0,0,3,0,587.7,1.8,1.64,,3,2,1,2,n,2,2,20220516,,Sean,Agnese,y,1,,,,,,,
222,pa0336,3,3,0,3,0,0,1,0,3,0,587.65,1.97,1.94,,3,2,3,2,n,2,2,20220516,,Sean,Agnese,y,1,,,,,,,
223,pa2393,30,10,0,1,0,0,0,1,1,0,587.7,2.17,2.93,,3,3,3,1,n,2,2,20220516,,Sean,Agnese,y,1,,,,,,,
224,z0491,23,8,0,3,0,0,0,0,3,0,588.2,1.97,2.83,,2,3,3,2,n,2,2,20220516,,Sean,Agnese,y,1,,,,,,,
225,pb0443,12,11,0,3,0,0,2,0,3,0,589.55,1.86,2.38,,4,1,3,1,n,4,2,20220516,,Sean,Agnese,y,1,,,,,,,
226,pc0135,15,9,0,2,0,0,0,0,3,0,590.95,1.18,0.63,,2,1,1,2,n,3,2,20220516,,Sean,Agnese,y,1,,,,,,,
227,pc0148,40,6,0,1,0,0,1,0,3,0,590.4,1.61,1.03,,2,1,2,1,n,2,2,20220516,,Sean,Agnese,y,1,,,,,,,
228,pc0142,32,6,0,6,0,0,0,0,3,4,591.7,0.93,0.21,,3,1,2,1,n,2,2,20220516,,Sean,Agnese,y,1,,,,,,,
229,pb0012,30,7,0,2,0,0,0,0,2,1,592.35,1.61,1.61,,3,1,3,2,n,2,2,20220516,,Sean,Agnese,y,1,,,,,,,
230,pc0147,24,10,0,2,0,0,0,0,3,0,592.7,1.75,2.01,,3,1,3,1,n,3,2,20220516,,Sean,Agnese,y,1,,,,,,,
231,pb0013,14,6,0,6,0,0,0,0,3,1,593.45,1.38,1.17,,2,1,1,2,n,2,2,20220516,,Sean,Agnese,y,1,,,,,,,
232,pb0037,21,5,0,2,0,0,0,0,3,0,593.55,1.77,2,,3,1,2,2,n,2,2,20220516,,Sean,Agnese,y,1,,,,,,,
233,pb3885,17,6,0,2,0,0,0,0,2,0,593.85,1.63,2.2,,2,1,1,2,n,2,2,20220516,,Sean,Agnese,y,1,,,,,,,
234,pc0146,34,10,0,3,0,0,0,1,3,0,593.85,0.86,0.4,,2,1,1,3,n,2,2,20220516,,Sean,Agnese,y,1,,,,,,,
235,pc0131,15,5,0,1,0,0,0,0,3,0,595,2.29,2.95,,3,1,1,2,n,2,2,20220516,,Sean,Agnese,y,1,,,,,,,
236,pb0436,28,7,0,4,0,0,0,1,3,0,595.35,2.19,2.8,,1,1,1,1,n,2,2,20220516,,Sean,Agnese,y,1,,,,,,,
237,pc0136,11,5,0,1,0,0,0,0,3,0,595.51,1.89,2.5,,2,1,1,2,n,2,2,20220516,,Sean,Agnese,y,1,,,,,,,
238,pc0134,15,7,0,1,0,0,0,0,3,0,594.85,1.75,1.8,,3,1,1,2,n,2,2,20220516,,Sean,Agnese,y,1,,,,,,,
239,pc0128,17,8,0,3,0,0,1,0,3,0,594.9,0.92,0.33,,3,1,1,2,n,2,2,20220516,,Sean,Agnese,y,1,,,,,,,
240,pc0139,19,5,0,1,0,0,0,0,3,0,588.35,1.75,1.46,,3,2,1,3,n,2,2,20220516,,Sean,Agnese,y,1,,,,,,,
241,pb0010,13,5,0,3,0,0,0,0,3,0,595.9,1.85,2.23,,3,1,2,2,n,2,2,20220516,,Sean,Agnese,y,1,,,,,,,
242,pc0133,16,4,0,7,0,0,0,0,3,0,595.71,2.19,2.8,,2,1,2,2,n,2,2,20220516,,Sean,Agnese,y,1,,,,,,,
243,pb0022,37,17,0,2,0,0,0,1,3,0,596.55,1.7,2.3,,3,2,2,3,n,2,2,20220516,,Sean,Agnese,y,1,,,,,,,
244,pc0137,6,6,0,1,0,0,1,0,3,0,595.9,1.3,1.2,,3,1,3,2,n,2,2,20220516,,Sean,Agnese,y,1,,,,,,,
245,pb0021,13,3,0,2,0,0,0,0,3,1,596.75,1.49,1.46,,3,1,1,4,n,2,4,20220516,,Sean,Agnese,y,1,,,,,,,
246,pc0174,10,3,0,1,0,0,1,0,3,0,596.9,1.69,1.76,,2,1,1,2,n,2,2,20220516,,Sean,Agnese,y,1,,,,,,,
247,pc0159,40,11,0,2,0,0,0,0,3,0,597.95,1.9,1.92,,2,3,1,3,n,2,2,20220516,,Sean,Agnese,y,1,,,,,,,
248,pc0163,29,9,0,2,0,0,1,0,3,0,598.25,1.7,1.64,,2,3,1,1,n,2,2,20220516,,Sean,Agnese,y,1,,,,,,,
249,pc0167,15,3,0,1,0,0,0,0,3,0,598.4,1.7,1.64,,2,3,1,1,n,2,2,20220516,,Sean,Agnese,y,1,,,,,,,
250,pc0132,15,9,0,2,0,0,0,0,3,0,598.85,1.23,0.9,,2,2,1,3,n,2,2,20220516,,Sean,Agnese,y,1,,,,,,,
251,pb0018,18,10,0,2,0,0,0,0,2,0,599.4,1.77,1.62,,2,3,1,2,n,2,2,20220516,,Sean,Agnese,y,1,,,,,,,
252,pc0168,13,4,0,1,0,0,0,0,3,0,599.5,1.14,0.75,,2,2,1,2,n,2,2,20220516,,Sean,Agnese,y,1,,,,,,,
253,pb0016,33,15,0,2,0,0,1,0,3,1,604,1.35,1.3,,3,2,1,2,n,2,2,20220516,,Sean,Agnese,y,1,,,,,,,
254,pc0175,22,11,0,3,0,0,0,0,3,2,605,1.25,0.9,,3,3,2,1,n,2,2,20220516,,Sean,Agnese,y,1,,,,,,,
255,pc0171,24,10,0,3,0,0,0,1,3,2,605.3,0.87,0.3,,2,1,1,3,n,2,3,20220516,,Sean,Agnese,y,1,,,,,,,
256,pc0173,32,13,0,1,0,0,0,0,3,0,605.7,1.72,1.62,,1,3,1,3,n,2,2,20220516,,Sean,Agnese,y,1,,,,,,,
257,pc0170,23,7,0,1,0,0,0,0,3,0,605.85,1.53,1.27,,2,2,1,1,n,2,2,20220516,,Sean,Agnese,y,1,,,,,,,
258,pa0291,39,10,0,3,0,0,0,1,3,0,608.7,1.9,3.45,,3,2,1,1,n,2,2,20220516,,Sean,Agnese,y,1,,,,,,,
259,pb0043,28,11,0,1,0,0,0,1,3,0,609.35,2.18,2.68,,3,2,2,2,n,2,2,20220516,,Sean,Agnese,y,1,,,,,,,
260,pb0035,32,10,0,1,0,0,0,0,3,0,609.2,1.53,1.55,,3,1,1,2,n,2,2,20220516,,Sean,Agnese,y,1,,,,,,,
261,pc0153,40,8,0,1,0,0,0,0,3,0,609.9,1.23,1.12,,2,1,1,3,n,2,2,20220516,,Sean,Agnese,y,1,,,,,,,
262,pb0041,47,9,0,4,0,0,0,0,3,0,609.7,1.66,1.93,,3,1,2,2,n,2,2,20220516,,Sean,Agnese,y,1,,,,,,,
263,pb0044,46,12,0,3,0,0,0,1,3,0,609.7,2.3,3.3,,3,2,2,2,n,2,2,20220516,,Sean,Agnese,y,1,,,,,,,
264,pc0164,13,8,0,1,0,0,1,0,3,0,610.05,1.58,1.94,,3,1,1,3,n,2,3,20220516,,Sean,Agnese,y,1,,,,,,,
265,pc0169,37,10,0,5,0,0,0,0,3,0,611.05,1.43,1.6,,3,1,2,2,n,2,2,20220516,,Sean,Agnese,y,1,,,,,,,
266,pb0049,10,4,0,1,0,0,1,0,3,1,611.3,1.4,1.6,,3,1,3,2,n,2,2,20220516,,Sean,Agnese,n,1,,,y,,,,cannot fine 
267,pc0157,24,8,0,1,0,0,0,0,2,0,611.35,1.37,1.7,,3,2,2,2,n,2,2,20220516,,Sean,Agnese,y,1,,,,,,,
268,pb0792,55,16,0,1,0,0,0,1,3,0,595.05,3.28,4.54,,2,1,3,1,n,2,2,20220517,,Sean,Agnese,y,1,,,,,,,
269,pc0141,31,7,0,1,0,0,1,0,3,0,595.35,3.28,4.54,,2,1,3,1,n,2,2,20220517,,Sean,Agnese,y,1,,,,,,,
270,pa0329,48,17,0,2,0,0,0,1,3,0,611.85,1.58,2.16,,3,2,2,2,n,2,2,20220517,,Sean,Agnese,y,1,,,,,,,
271,pb0442,27,12,0,1,0,0,0,0,3,0,612.4,1.56,1.66,,3,1,1,3,n,2,2,20220517,,Sean,Agnese,y,1,,,,,,,
272,pb0024,14,3,0,2,0,0,0,0,2,2,61.6,1.1,1.06,,3,1,1,2,n,2,3,20220517,,Sean,Agnese,y,1,,,,,,,
273,pb0040,7,4,0,1,0,0,0,0,2,1,613.15,1.13,0.69,,3,1,1,2,n,2,3,20220517,,Sean,Agnese,y,1,,,,,,,
274,pc0126,12,4,0,1,0,0,1,0,3,0,617.1,1.7,0.69,,2,1,1,2,n,3,2,20220517,,Sean,Agnese,y,1,,,,,,,
275,pb4116,31,10,0,5,0,0,0,0,3,1,647.75,1.49,2.7,,2,2,2,2,n,2,2,20220517,,Sean,Agnese,y,1,,,,,,,
276,pc0158,20,5,0,1,0,0,0,0,3,0,648.65,1.93,2.69,,2,2,1,1,n,2,2,20220517,,Sean,Agnese,y,1,,,,,,,
277,pc0130,23,7,0,3,0,0,0,1,2,2,674.8,2,4,,2,2,2,1,na,1,1,20220517,,Sean,Agnese,y,1,,,,,,,
278,y1916,8,3,0,3,0,0,0,0,1,3,678.45,1.67,1.54,,3,2,4,1,na,1,1,20220517,,Sean,Agnese,n,1,,,y,,,,no tissiue to collect on day 55
279,pb0027,32,12,0,2,0,0,2,0,3,1,683.55,1.3,2.2,,4,1,3,2,n,2,2,20220517,,Sean,Agnese,y,1,,,,,,,
280,pc0144,29,13,0,2,0,0,0,0,3,0,687.2,1.45,1.46,,4,1,4,1,na,1,1,20220517,,Sean,Agnese,y,1,,,,,,,
281,pc0154,48,11,0,1,0,0,0,1,3,0,695.85,1.18,1.67,,3,1,3,1,n,2,2,20220517,,Sean,Agnese,y,1,,y,,,,,
282,pc0166,61,18,0,1,0,0,0,1,3,0,696.85,1.12,0.63,,3,2,4,1,na,2,2,20220517,,Sean,Agnese,y,1,,y,,,,,
283,pa2417,80,30,0,4,0,0,0,1,3,0,736.85,4.9,1.02,,4,1,4,1,n,3,2,20220517,,Sean,Agnese,y,1,,,,,,,
284,pb2595,71,19,0,13,0,0,0,1,3,0,754.1,3.3,2.5,,1,1,1,3,d,2,2,20220517,,Sean,Agnese,y,1,,,,,,,
285,pc0155,30,9,0,3,0,0,0,0,2,0,765.5,2.02,2.78,,2,1,1,4,n,4,2,20220517,,Sean,Agnese,y,1,,,,,,,
286,pc0156,32,9,0,6,0,0,2,0,3,0,780.3,1.43,0.46,,2,1,2,3,n,3,2,20220517,,Sean,Agnese,y,1,,,,,,,
287,pb0798,67,36,0,2,0,0,3,1,3,0,784.4,1.34,2.22,,4,1,4,1,na,1,1,20220517,,Sean,Agnese,y,1,,,,,,,
288,pa0998,45,11,0,5,0,0,0,1,3,0,793.65,1.75,1.27,,3,3,2,2,n,2,3,20220517,,Sean,Agnese,y,1,,,,,,,
289,pa0994,3,3,0,3,0,0,1,0,3,4,802.25,1.18,1.22,,2,3,4,1,n,2,2,20220517,,Sean,Agnese,n,1,dead day 55,,y,,,,
290,pb0374,28,10,0,3,0,0,0,0,3,2,802.8,1.09,0.92,,2,3,3,1,n,2,2,20220517,,Sean,Agnese,y,1,,,,,,,
291,y2016,38,17,0,3,0,0,1,1,3,3,804.55,1.1,1.49,,2,3,4,1,na,1,1,20220517,,Sean,Agnese,y,1,,,,,,,
292,pb0380,26,8,0,9,0,0,0,0,3,0,806.65,1.92,1.66,,2,1,2,1,na,1,1,20220517,,Sean,Agnese,y,1,,,,,,,
293,pc0140,36,7,0,3,0,0,1,0,3,0,807.1,1.58,1.02,,2,1,1,2,n,3,2,20220517,,Sean,Agnese,y,1,,,,,,,
294,pb2543,18,5,0,3,0,0,0,0,3,0,807.8,1.59,1.02,,2,1,1,3,n,2,3,20220517,,Sean,Agnese,y,1,,,,,,,
295,pb3899,14,5,0,5,0,0,0,0,3,4,808.4,1.47,0.86,,3,1,1,1,n,2,2,20220517,,Sean,Agnese,y,1,,,,,,,
296,pc0150,55,16,0,2,0,0,0,1,3,0,808.7,2.11,2.87,,2,2,3,1,n,4,2,20220517,,Sean,Agnese,y,1,,,,,,,
297,pc0138,12,7,0,1,0,0,0,0,3,0,808.7,1.67,1.58,,3,1,1,1,n,2,2,20220517,,Sean,Agnese,y,1,,,,,,,
298,pb0381,47,15,0,3,0,0,0,1,3,0,808.75,1.52,1.44,,3,1,2,1,n,2,2,20220517,,Sean,Agnese,y,1,,,,,,,
299,pa1912,21,10,0,1,0,0,0,0,3,1,808.7,1.41,1.05,,3,1,2,1,n,2,2,20220517,,Sean,Agnese,y,1,,,,,,,
300,pc0129,19,12,0,2,0,0,0,0,3,0,808.9,1.52,1.34,,3,2,3,1,na,1,1,20220517,,Sean,Agnese,y,1,,,,,,,
301,pc0151,60,14,0,1,0,0,0,1,3,0,809.3,1.56,1.66,,3,2,1,2,n,2,2,20220517,,Sean,Agnese,y,1,,,,,,,
302,pb0359,43,10,0,2,0,0,0,1,3,0,809.45,1.73,1.74,,2,2,1,1,n,2,2,20220517,,Sean,Agnese,y,1,,,,,,,
303,pb0355,61,16,0,15,0,0,0,1,3,0,809.65,1.98,2.1,,2,2,1,2,n,4,2,20220517,,Sean,Agnese,y,1,,,,,,,
304,pb0385,40,7,0,2,0,1,0,0,3,0,809.85,1.42,0.9,,2,3,2,1,n,2,2,20220517,,Sean,Agnese,y,1,,,,,,,
305,pb0391,63,13,0,4,0,0,1,1,3,0,812,2.55,2.04,,1,2,1,2,n,2,2,20220517,,Sean,Agnese,y,1,,,,,,,
306,pc0127,37,14,0,3,0,0,0,0,3,0,813.25,2.38,2.15,,1,1,1,1,n,2,2,20220517,,Sean,Agnese,y,1,,,,,,,
307,pb0361,20,7,0,5,0,0,0,0,3,0,815,1.86,1.22,,2,1,1,1,n,2,2,20220517,,Sean,Agnese,y,1,,,,,,,
308,pb0399,67,21,0,4,0,0,0,0,3,0,815.95,2.53,2.48,,3,3,1,3,n,4,2,20220517,,Sean,Agnese,y,1,,,,,,,
309,pc0145,10,8,0,3,0,0,1,0,3,0,815.65,2.22,1.46,,2,1,3,2,n,2,2,20220517,,Sean,Agnese,y,1,,,,,,,
310,pc0161,13,5,0,1,0,0,1,0,3,0,816.15,1.56,0.73,,3,1,2,2,d,2,2,20220517,,Sean,Agnese,y,1,,,,,,,
311,pb2880,28,13,0,7,0,0,0,0,3,0,816.4,2.08,1.36,,2,1,1,1,n,3,2,20220517,,Sean,Agnese,y,1,,,,,,,
312,pb0351,52,18,0,7,0,0,0,0,3,0,817.3,1.8,1.11,,3,1,1,3,n,2,2,20220517,,Sean,Agnese,y,1,,,,,,,
313,pc0165,39,11,0,2,0,0,0,0,3,0,817.75,1.45,0.67,,2,1,1,2,n,4,2,20220517,,Sean,Agnese,y,1,,,,,,,
314,pc0162,24,10,0,3,0,0,0,0,3,0,818.35,2.01,1.57,,3,1,1,2,n,2,3,20220517,,Sean,Agnese,y,1,,,,,,,
315,pc0152,40,12,0,3,0,0,0,0,3,0,819.3,1.52,0.4,,3,1,1,2,n,2,2,20220517,,Sean,Agnese,y,1,,,,,,,
316,pb4570,21,7,0,3,0,0,0,0,3,0,819.4,2.16,1.56,,2,1,1,2,n,2,2,20220517,,Sean,Agnese,y,1,,,,,,,
317,pc0160,38,9,0,1,0,0,0,0,3,0,819.55,2.7,2.48,,2,1,1,1,n,2,2,20220517,,Sean,Agnese,y,1,,,,,,,
318,pc0172,19,8,0,1,0,0,1,0,3,0,819.6,1.6,0.54,,2,1,1,2,n,2,2,20220517,,Sean,Agnese,y,1,,,,,,,
319,pc0185,14,5,0,1,0,0,0,0,3,0,820.55,1.65,0.52,,2,1,1,1,n,2,2,20220517,,Sean,Agnese,y,1,,,,,,,
320,pc0200,15,8,0,1,0,0,1,0,3,0,820.7,1.58,0.47,,2,1,1,1,n,2,2,20220517,,Sean,Agnese,y,1,,,,,,,
321,pb3889,34,7,0,1,0,0,0,0,3,0,820.8,1.9,1.31,,3,1,2,2,na,4,2,20220517,,Sean,Agnese,y,1,,,,,,,
322,pc0189,25,13,0,2,0,0,0,0,3,0,821.7,2.16,2.15,,3,3,2,1,na,1,1,20220517,,Sean,Agnese,y,1,,,,,,,
323,pc0190,19,10,0,3,0,0,0,0,3,0,822.05,1.83,1.1,,3,3,1,1,d,2,2,20220517,,Sean,Agnese,y,1,,,,,,,
324,z1165,10,8,0,5,0,0,1,0,3,0,822.3,2.2,1.68,,3,3,4,1,n,2,2,20220517,,Sean,Agnese,y,1,,,,,,,
325,pb4306,25,8,0,3,0,0,0,0,3,0,824.85,1.47,0.61,,2,3,1,3,n,3,2,20220517,,Sean,Agnese,y,1,,,,,,,
326,pc0184,11,4,0,1,0,0,0,0,3,0,825.05,1.67,0.66,,2,3,1,2,n,2,2,20220517,,Sean,Agnese,y,1,,,,,,,
327,pb0396,41,19,0,1,0,0,0,1,2,0,832.75,2.36,2.5,,4,3,4,1,n,2,2,20220517,,Sean,Agnese,y,1,,,,,,,
328,pc0196,22,8,0,1,0,0,0,0,3,0,832.85,1.45,0.56,,2,1,1,3,n,2,2,20220517,,Sean,Agnese,y,1,,,,,,,
329,pa0999,29,9,0,3,0,0,0,0,3,0,832.2,2.1,1.85,,3,3,3,2,n,2,2,20220517,,Sean,Agnese,y,1,,,,,,,
330,pb0316,44,17,0,13,0,0,0,0,3,0,833.55,1.97,1.2,,3,3,1,2,n,2,2,20220517,,Sean,Agnese,y,1,,,,,,,
331,pb0394,32,8,0,3,0,0,0,0,3,0,836.65,3.76,1.51,,2,3,1,1,n,2,2,20220517,,Sean,Agnese,y,1,,,,,,,
332,pb2337,45,16,0,3,0,0,0,1,3,0,863.2,2.6,0.9,,2,1,1,3,n,2,2,20220517,,Sean,Agnese,y,1,,,,,,,
333,pb0384,8,6,0,3,0,1,0,0,2,3,850.55,3.13,2.32,,4,3,4,1,n,2,2,20220517,,Sean,Agnese,y,1,,,,,,,
334,pc0194,21,7,0,6,0,0,1,1,3,2,851.6,2.82,0.81,,2,3,1,2,n,2,2,20220517,,Sean,Agnese,y,1,,,,,,,
335,pc0193,11,5,0,2,0,0,0,0,3,0,858.1,4.43,2.45,,2,3,3,1,na,1,1,20220517,,Sean,Agnese,y,1,,,,,,,
336,pc0192,27,9,0,4,0,0,0,0,3,0,858.5,3.35,0.38,,2,3,2,1,n,2,2,20220517,,Sean,Agnese,y,1,,,,,,,
337,pc0178,22,8,0,4,0,0,0,0,3,0,859.3,3.3,0.29,,2,3,1,1,na,1,1,20220517,,Sean,Agnese,y,1,,,,,,,
338,pc0195,8,4,0,2,0,0,1,0,3,0,860.25,3.01,0.18,,2,3,2,2,n,2,2,20220517,,Sean,Agnese,y,1,,,,,,,
339,pc0187,15,7,0,1,0,0,0,0,3,0,839.9,4.65,2.62,,3,3,2,2,n,2,2,20220517,,Sean,Agnese,y,1,,,,,,,
340,pb2867,12,10,0,1,0,0,0,0,3,0,860.15,5.05,3.12,,2,3,1,1,n,2,2,20220517,,Sean,Agnese,y,1,,,,,,,
341,pb3886,41,11,0,2,0,0,0,1,3,0,861.5,3.82,1.04,,2,1,2,2,n,2,2,20220517,,Sean,Agnese,y,1,,,,,,,
342,pb0349,28,11,0,6,0,0,0,0,3,0,872.9,1.84,1.19,,3,1,3,1,n,2,2,20220517,,Sean,Agnese,y,1,,,,,,,
343,pc0197,9,5,0,4,0,0,1,0,3,0,888.5,1.25,0.31,,3,1,1,4,n,2,3,20220517,,Sean,Agnese,y,1,,,,,,,
344,pb0326,50,16,0,4,0,0,2,1,3,0,890.2,1.64,1.08,,4,3,4,2,n,2,2,20220517,,Sean,Agnese,y,1,,,,,,,
345,pb0307,8,3,0,3,0,0,0,0,3,2,890.8,1.3,0.3,,2,1,1,1,n,2,2,20220517,,Sean,Agnese,y,1,,,,,,,
346,pc0180,29,9,0,2,0,0,0,0,3,0,893.35,1.4,0.4,,3,1,3,1,n,2,2,20220517,,Sean,Agnese,y,1,,,,,,,
347,pc0181,8,4,0,3,0,0,1,0,3,0,895.5,1.36,0.7,,3,1,3,1,n,2,2,20220517,,Sean,Agnese,y,1,,,,,,,
348,pc0176,14,9,0,1,0,0,0,0,3,0,896.55,1.5,1.75,,3,1,3,1,na,1,1,20220517,,Sean,Agnese,y,1,,,,,,,
349,pb0346,17,7,0,1,0,0,0,0,3,0,896.95,1.44,1.39,,3,1,4,1,na,1,1,20220517,,Sean,Agnese,y,1,,,,,,,
350,pc0188,16,7,0,3,0,0,1,0,3,0,897,1.42,0.94,,2,3,4,2,na,1,1,20220517,,Sean,Agnese,y,1,,,,,,,
351,pc0177,5,4,0,1,0,0,1,0,3,0,898.05,1.44,1.01,,3,2,4,1,na,1,1,20220517,,Sean,Agnese,n,1,,,,,,,y
352,pa1179,17,9,0,3,0,0,1,0,3,0,900.3,1.7,2.92,,2,3,4,1,na,1,1,20220517,,Sean,Agnese,y,1,,,,,,,
353,pc0179,40,16,0,1,0,0,0,1,3,0,899.85,1.38,1.29,,3,2,4,1,na,1,1,20220517,,Sean,Agnese,y,1,,,,,,,
354,pc0186,11,4,0,1,0,0,0,0,3,0,901.2,1,0.41,,2,3,2,3,n,2,3,20220517,,Sean,Agnese,y,1,,,,,,,
355,pc0191,11,5,0,4,0,0,0,0,3,0,904.6,1.04,0.5,,2,3,2,1,n,2,2,20220517,,Sean,Agnese,y,1,,,,,,,
356,pc0182,16,6,0,2,0,0,0,0,3,0,903.35,1.08,0.48,,3,3,3,2,n,2,2,20220517,,Sean,Agnese,y,1,,,,,,,
357,pc0223,23,7,0,2,0,0,0,0,3,0,905.65,1.13,0.4,,3,3,3,2,n,2,2,20220517,,Sean,Agnese,y,1,,,,,,,
358,pb0259,13,4,0,2,0,0,1,0,3,0,909.95,1.17,0.44,,2,2,3,2,n,2,2,20220517,,Sean,Agnese,y,1,,,,,,,
359,z1765,34,10,0,3,0,0,0,1,3,0,914.84,1.42,2.1,,3,1,2,3,n,2,2,20220517,,Sean,Agnese,y,1,,,,,,,
360,pc0221,44,10,0,2,0,0,0,1,3,0,916.3,0.81,0.39,,2,1,1,2,n,2,2,20220517,,Sean,Agnese,y,1,,,,,,,
361,pc0219,12,6,0,1,0,0,0,0,3,0,913.45,0.97,0.48,,3,1,3,2,n,2,2,20220517,,Sean,Agnese,y,1,,,,,,,
362,pc0206,24,6,0,7,0,0,1,0,3,0,917.6,0.82,0.3,,3,1,1,3,n,2,2,20220517,,Sean,Agnese,y,1,,,,,,,
363,pb0298,38,14,0,2,0,0,1,1,3,0,918,1.71,1.89,,3,2,4,1,n,2,2,20220517,,Sean,Agnese,y,1,,,,,,,
364,pc0207,13,6,0,4,0,0,0,0,3,0,919.1,1.46,1.73,,2,2,3,2,n,2,2,20220517,,Sean,Agnese,y,1,,,,,,,
365,pc0218,64,14,0,2,0,0,0,1,3,1,920.9,1.24,0.83,,2,3,2,3,n,2,2,20220517,,Sean,Agnese,y,1,,,,,,,
366,pc0213,19,4,0,1,0,1,0,0,3,1,931.15,0.8,0,,1,3,1,1,n,2,2,20220517,,Sean,Agnese,y,1,,,,,,,
367,pc0215,18,7,0,4,0,0,0,0,3,1,937.35,0.97,0.41,,2,1,2,2,n,2,2,20220517,,Sean,Agnese,y,1,,,,,,,
368,pb0277,16,9,0,2,0,0,0,0,3,0,938.45,1.45,2.35,,3,1,4,1,na,1,1,20220517,,Sean,Agnese,y,1,,,,,,,
369,pc0211,14,5,0,4,0,0,1,0,3,0,938.55,0.83,0.16,,2,2,2,1,n,4,2,20220517,,Sean,Agnese,y,1,,,,,,,
370,pb4567,6,5,0,1,0,0,0,0,3,1,938.9,1.52,2.46,,3,3,4,1,n,2,2,20220517,,Sean,Agnese,n,1,dead day 55,,y,,,,
371,pc0209,7,4,0,2,0,0,1,0,3,0,939.45,0.84,0.27,,3,3,3,1,n,2,2,20220517,,Sean,Agnese,y,1,,,,,,,
372,pb0282,45,11,0,4,0,0,1,1,3,0,941.45,1.57,2.68,,2,2,4,1,n,2,2,20220517,,Sean,Agnese,y,1,,,,,,,
373,pc0224,38,12,0,2,0,0,0,1,3,0,944,0.98,0.5,,3,1,2,1,n,2,2,20220517,,Sean,Agnese,y,1,,,,,,,
374,pc0212,44,17,0,2,0,0,1,1,3,0,945.15,1.37,2.37,,2,1,1,3,n,2,2,20220517,,Sean,Agnese,y,1,,,,,,,
375,pb0292,34,10,0,5,0,0,0,1,3,1,955.4,1.71,2.23,,2,1,1,2,n,2,2,20220517,,Sean,Agnese,y,1,,,,,,,
376,pc0217,23,8,0,2,0,0,0,0,3,0,955.9,1.79,2.28,,2,1,1,1,n,2,2,20220517,,Sean,Agnese,y,1,,,,,,,
377,pc0203,27,10,0,1,0,1,0,0,3,0,956.7,1.3,1.46,,3,1,2,2,n,2,2,20220517,,Sean,Agnese,y,1,,,,,,,
378,pc0208,13,5,0,1,0,0,1,0,3,0,956.55,1.24,1.39,,2,1,1,2,n,2,2,20220517,,Sean,Agnese,y,1,,,,,,,
379,pc0205,12,6,0,2,0,0,0,0,3,0,955.65,1.05,0.36,,3,1,4,1,n,2,2,20220517,,Sean,Agnese,y,1,,,,,,,
380,pc0216,16,6,0,2,0,0,0,0,3,0,956.7,1.73,2.29,,2,1,1,2,n,2,2,20220517,,Sean,Agnese,y,1,,,,,,,
381,pb4858,23,10,0,1,0,0,1,0,3,0,958.25,1.85,2.65,,3,1,4,1,na,1,1,20220517,,Sean,Agnese,y,1,,,,,,,
382,pc0201,53,16,1,0,1,0,0,1,3,0,975.23,1.94,1.68,,3,2,3,1,n,4,2,20220517,,Sean,Agnese,y,1,,,,,,,
383,pc0202,40,9,0,2,0,0,0,1,3,0,976.05,2.1,1.42,,2,2,3,1,n,2,2,20220517,,Sean,Agnese,y,1,,y,,,,killed in storm,
384,pb3882,26,9,0,1,0,0,0,0,3,0,976.4,2.17,2.25,,3,1,2,1,n,2,2,20220517,,Sean,Agnese,y,1,,,,,,,
385,pc0214,23,8,0,5,0,0,0,0,3,1,917.6,1.7,0.5,,2,3,1,3,n,2,2,20220517,,Sean,Agnese,y,1,,,,,,,
386,pc0231,32,10,0,3,0,0,0,1,3,0,1007.55,1.1,0.1,,2,3,2,1,n,2,2,20220518,,Sean,Agnese,y,1,,,,,,,
387,pc0248,27,7,0,4,0,0,1,0,3,0,1009.35,2.63,1.17,,2,3,1,3,n,2,2,20220518,,Sean,Agnese,y,1,,,,,,,
388,pc0225,20,9,0,3,0,0,1,0,3,0,1009.35,2.45,1.01,,2,3,1,2,n,2,2,20220518,,Sean,Agnese,y,1,,,,,,,
389,pc0220,35,8,0,4,0,0,0,0,3,0,1009.6,2.66,0.96,,2,3,1,2,n,4,2,20220518,,Sean,Agnese,y,1,,,,,,,
390,pc0204,29,10,0,2,0,0,0,0,3,0,1010.8,2.72,1.17,,2,3,1,3,n,2,2,20220518,,Sean,Agnese,y,1,,,,,,,
391,pc0238,20,6,0,2,0,0,0,0,3,0,1010.9,2.5,0.64,,1,3,1,3,n,2,2,20220518,,Sean,Agnese,y,1,,,,,,,
392,pa1946,39,13,0,4,0,0,0,0,3,0,1012.8,3.6,1.69,,2,3,1,2,n,2,2,20220518,,Sean,Agnese,y,1,,,,,,,
393,pc0232,21,8,0,5,0,0,0,0,3,0,1015.25,3.5,1.3,,2,3,1,2,n,2,2,20220518,,Sean,Agnese,y,1,,,,,,,
394,pc0226,29,7,0,1,0,0,0,0,3,0,1015.55,2.1,0.1,,1,2,1,3,n,2,2,20220518,,Sean,Agnese,y,1,,,,,,,
395,pb0299,35,19,0,8,0,0,0,1,3,0,1016.25,2.84,0.54,,2,2,1,3,n,2,2,20220518,,Sean,Agnese,y,1,,,,,,,
396,pc0198,36,8,0,3,0,0,0,0,3,0,978.35,-6.63,0,,1,2,1,3,n,2,2,20220518,,Sean,Agnese,y,1,,,,,,,
397,pc0245,19,6,0,1,0,0,0,0,3,0,900.7,-6.18,-0.2,,2,2,1,3,n,2,3,20220518,,Sean,Agnese,y,1,,,,,,,
398,pc0234,13,5,0,1,0,0,1,0,3,0,890.5,-6.66,0,,2,1,1,2,n,2,2,20220518,,Sean,Agnese,n,1,,,,,,,cannot find
399,pc0240,15,5,0,1,0,0,1,0,3,0,889.3,-6.95,0,,1,2,1,2,n,2,2,20220518,,Sean,Agnese,y,1,,,,,,,
400,pc0236,29,8,0,6,0,0,0,0,3,0,859.75,-7,0,,1,1,1,3,n,3,2,20220518,,Sean,Agnese,y,1,,,,,,,
401,pc0241,36,9,0,5,0,0,0,0,3,1,859.4,-7.8,-0.1,,1,1,1,3,n,2,2,20220518,,Sean,Agnese,y,1,,,,,,,
402,pb0493,43,15,0,1,0,0,0,0,3,1,857,-8.3,-0.1,,1,1,1,3,n,2,3,20220518,,Sean,Agnese,y,1,,,,,,,
403,pc0243,26,11,0,4,0,0,0,0,3,0,855,-7.48,0,,1,1,1,3,n,2,2,20220518,,Sean,Agnese,y,1,,,,,,,
404,pb0761,75,18,0,12,0,0,0,1,3,0,853.65,-8.08,-0.58,,2,1,1,3,n,3,3,20220518,,Sean,Agnese,y,1,,,,,,,
405,pc0244,51,10,0,5,0,0,1,1,3,0,850.2,-7.23,0,,1,1,1,3,n,2,2,20220518,,Sean,Agnese,y,1,,,,,,,
406,pc0230,71,14,0,10,0,0,0,1,3,0,849.2,-7.83,-0.4,,2,1,1,1,n,2,2,20220518,,Sean,Agnese,y,1,,,,,,,
407,pb4713,65,20,0,11,0,0,0,1,3,3,848.3,-8.23,-0.35,,2,1,1,2,n,2,2,20220518,,Sean,Agnese,y,1,,,,,,,
408,pb0484,37,8,0,9,0,0,0,1,3,0,845.05,-7.83,-0.2,,1,1,1,3,n,2,3,20220518,,Sean,Agnese,y,1,,,,,,,
409,pc0250,49,18,0,4,0,0,0,0,3,0,843.85,-8.53,-0.4,,1,1,1,3,n,2,2,20220518,,Sean,Agnese,y,1,,,,,,,
410,pc0247,19,10,0,1,0,0,1,0,3,0,813.35,-6.88,-0.14,,3,1,1,3,n,2,2,20220518,,Sean,Agnese,y,1,,,,,,,
411,pb0337,61,20,0,10,0,0,1,1,3,0,817.25,-6.98,0.4,,2,1,1,4,n,3,4,20220518,,Sean,Agnese,y,1,,,,,,,
412,pc0199,83,12,0,6,0,0,0,1,3,0,812,-7.38,-0.7,,2,1,1,4,n,2,3,20220518,,Sean,Agnese,y,1,,y,,,,,
413,pb0311,81,23,0,20,0,0,0,1,3,0,808.6,-7.4,-0.3,,1,1,1,4,n,2,3,20220518,,Sean,Agnese,y,1,,,,,,,
414,pc0242,47,17,0,3,0,0,0,1,3,0,800.8,-6.25,0,,1,1,1,3,n,2,2,20220518,,Sean,Agnese,y,1,,y,,,,,
415,pc0239,44,9,0,4,0,0,0,1,3,0,798.7,-5.93,0,,1,1,1,4,n,3,2,20220518,,Sean,Agnese,y,1,,,,,,,
416,pc0233,55,16,0,7,0,0,0,1,3,0,794.8,-6.44,-0.2,,1,1,1,4,n,2,2,20220518,,Sean,Agnese,y,1,,y,,,,,
417,pc0228,44,9,0,2,0,0,0,1,3,0,794.15,-6.7,-0.3,,2,1,1,4,n,4,3,20220518,,Sean,Agnese,y,1,,,,,,,
418,pc0246,50,3,0,4,0,0,0,1,3,0,792.2,-6.5,-0.3,,1,1,1,4,n,4,2,20220518,,Sean,Agnese,y,1,,,,,,,
419,pc0249,63,21,0,6,0,0,0,1,3,1,791,-5.42,0,,1,1,1,3,n,3,2,20220518,,Sean,Agnese,y,1,,,,,,,
420,pc0210,42,12,0,5,0,0,0,1,3,0,786.6,-6.55,-0.2,,1,1,1,4,n,3,3,20220518,,Sean,Agnese,y,1,,,y,,,,
421,pc0237,50,17,0,4,0,0,0,0,3,0,-201.6,50.27928618,14.60729279,,2,3,2,1,n,2,2,20220519,,Sean,Agnese,y,1,,,,,,,
422,pb4298,65,21,0,25,0,0,0,1,3,0,-197.7,52.47759578,14.31503665,,2,1,1,3,n,2,2,20220519,,Sean,Agnese,y,1,,,,,,,
423,pb0403,39,25,0,12,0,0,0,0,2,0,-197.1,52.81579726,14.61832132,,2,1,1,3,n,4,2,20220519,,Sean,Agnese,y,1,,,,,,,
424,pb0432,89,29,0,15,0,0,0,1,3,0,-194.3,54.39407082,12.51738566,,1,1,1,4,n,2,4,20220519,,Sean,Agnese,y,1,,,,,,,
425,pc0258,54,19,0,2,0,0,0,0,3,0,-194.3,54.39407082,12.84824167,,1,3,2,3,n,2,3,20220519,,Sean,Agnese,y,1,,,,,,,
426,pc0235,47,19,0,4,0,1,0,0,3,0,-194.7,54.16860316,12.84824167,,1,3,1,4,n,2,3,20220519,,Sean,Agnese,y,1,,,,,,,
427,pb0441,71,23,0,17,0,0,0,1,3,0,-191.6,55.91597746,13.52098222,,2,1,1,4,n,2,3,20220519,,Sean,Agnese,y,1,,,,,,,
428,pb0435,78,14,0,12,0,0,0,1,3,0,-191.6,55.91597746,13.68641023,,2,1,1,4,n,2,3,20220519,,Sean,Agnese,y,1,,,,,,,
429,pb0416,73,17,0,3,0,0,0,1,2,0,-191.3,56.0850782,13.67538169,,2,1,1,4,n,2,4,20220519,,Sean,Agnese,y,1,,,,,,,
430,pb0453,73,19,0,10,0,0,0,1,3,0,-191,56.25417894,14.06138037,,2,1,1,4,n,2,3,20220519,,Sean,Agnese,y,1,,,,,,,
431,pc0272,52,12,0,3,0,0,0,1,3,0,-191.6,55.91597746,14.62934985,,1,1,1,4,n,2,4,20220519,,Sean,Agnese,y,1,,,,,,,
432,pb0415,15,8,0,26,0,1,0,0,1,2,-192.7,55.29594142,14.94917733,,1,1,2,1,n,2,2,20220519,,Sean,Agnese,y,1,,,,,,,
433,pb0459,98,23,0,11,0,0,0,1,3,0,-185.95,59.10070803,14.12203731,,2,1,1,3,n,2,3,20220519,,Sean,Agnese,y,1,,,,,,,
434,pb0445,72,20,0,5,0,0,0,1,3,0,-185.7,59.24162531,14.06689464,,2,1,1,4,n,2,4,20220519,,Sean,Agnese,y,1,,,,,,,
435,pc0257,38,13,0,5,0,0,0,0,3,0,-185.7,59.24162531,13.51546796,,2,1,1,4,n,2,4,20220519,,Sean,Agnese,y,1,,,,,,,
436,pb0424,58,22,0,2,0,0,0,1,3,0,-185.7,59.24162531,13.22321182,,2,1,1,4,n,2,3,20220519,,Sean,Agnese,y,1,,,,,,,
437,pc0227,36,8,0,1,0,0,0,0,3,0,-184.84,59.72638076,13.40518262,,2,2,1,4,n,2,4,20220519,,Sean,Agnese,y,1,,,,,,,
438,pc0229,36,13,0,3,0,0,0,0,3,0,-184.21,60.08149231,13.40518262,,2,1,1,4,n,2,4,20220519,,Sean,Agnese,y,1,,,,,,,
439,pb2865,60,22,0,1,0,0,0,1,3,0,-183,60.76353196,12.69935647,,2,1,1,3,n,3,3,20220519,,Sean,Agnese,y,1,,,,,,,
440,pb0427,70,24,0,53,0,0,0,1,3,0,-179.1,62.96184156,14.07792317,,2,1,1,4,n,2,4,20220519,,Sean,Agnese,y,1,,,,,,,
441,pb0408,60,18,0,15,0,0,0,1,3,0,-174.8,65.3856188,14.34812225,,2,1,1,2,n,4,2,20220519,,Sean,Agnese,y,1,,,,,,,
442,pc0275,40,12,0,25,0,0,0,0,2,9,-160.73,73.31644343,14.55766438,,1,1,2,3,n,2,2,20220519,,Sean,Agnese,y,1,,,,,,,
443,pc0274,37,10,0,3,0,0,0,0,2,2,-160.23,73.59827799,14.55766438,,2,1,1,4,n,2,3,20220519,,Sean,Agnese,y,1,,,,,,,
444,pb3836,44,10,0,3,0,0,0,1,3,0,-160.6,73.38972042,13.89595237,,2,1,2,3,n,3,2,20220519,,Sean,Agnese,y,1,,,,,,,
445,pb0392,77,28,0,7,0,0,0,1,3,0,-158.81,74.39868815,12.02110165,,2,1,1,4,n,4,2,20220519,,Sean,Agnese,y,1,,,,,,,
446,pc0265,50,12,0,4,0,0,0,0,3,0,-158.51,74.56778889,12.00455885,,2,1,1,4,n,4,2,20220519,,Sean,Agnese,y,1,,,,,,,
447,pc0259,60,23,0,32,0,0,0,1,3,0,-156.2,75.86986458,14.06138037,,2,1,2,4,d,2,2,20220519,,Sean,Agnese,y,1,,,,,,,
448,pc0222,22,8,0,7,0,0,0,0,2,2,-155.8,76.09533223,14.33709371,,2,1,1,1,d,2,2,20220519,,Sean,Agnese,y,1,,,,,,,
449,pc0263,18,7,0,2,0,0,0,0,2,0,-131.6,89.73612512,16.10165909,,2,1,1,1,n,2,2,20220519,,Sean,Agnese,y,1,,,,,,,
450,pb4568,12,4,0,1,0,0,0,0,1,1,-131.9,89.56702438,16.10165909,,2,1,1,1,n,2,2,20220519,,Sean,Agnese,y,1,,,,,,,
451,pc0269,11,6,0,2,0,0,1,0,3,0,-131.3,89.90522586,15.85351709,,2,1,1,1,n,2,2,20220519,,Sean,Agnese,y,1,,,,,,,
452,pc0266,13,8,0,2,0,0,2,0,3,0,-131.15,89.98977622,15.82594575,,2,1,1,1,n,2,2,20220519,,Sean,Agnese,y,1,,,,,,,
453,pc0260,19,7,0,2,0,0,0,0,1,0,-130.9,90.13069351,15.82594575,,2,1,1,1,n,2,2,20220519,,Sean,Agnese,y,1,,,,,,,
454,pb4843,6,7,0,5,0,0,1,0,1,0,-130.8,90.18706042,16.59794311,,1,2,1,1,na,1,1,20220519,,Sean,Agnese,y,1,,,,,,,
455,pc0264,21,9,0,3,0,0,0,0,2,0,-130.6,90.29979424,16.32222976,,2,3,1,1,n,2,2,20220519,,Sean,Agnese,y,1,,,,,,,
456,pc0267,26,9,0,4,0,0,0,0,3,2,-130.53,90.33925108,14.24886544,,2,1,3,1,n,2,2,20220519,,Sean,Agnese,y,1,,,,,,,
457,pb4580,22,6,0,7,0,0,0,0,2,1,-130.43,90.395618,14.08895171,,2,1,2,2,n,2,2,20220519,,Sean,Agnese,y,1,,,,,,,
458,pc0256,9,6,0,2,0,0,1,0,3,1,-127.86,91.84424765,14.63486412,,2,3,1,2,n,4,2,20220519,,Sean,Agnese,y,1,,,,,,,
459,pc0255,39,20,0,10,0,3,0,1,3,0,-133.22,88.82298113,12.07624432,,2,1,1,1,d,2,2,20220519,,Sean,Agnese,y,1,,,,,,,
460,pb0790,37,9,0,3,0,0,0,0,3,0,-146.2,6.87,-0.87,,2,2,3,1,n,2,3,20220519,,Sean,Agnese,y,1,,,,,,,
461,pb0778,58,16,0,9,0,0,0,1,3,0,-146.2,6.32,-0.87,,1,1,2,1,n,2,2,20220519,,Sean,Agnese,y,1,,,,20220531,,,
462,pb0789,58,13,0,3,0,0,0,1,2,2,-146.2,5.39,-0.87,,2,1,2,4,n,2,4,20220519,,Sean,Agnese,y,1,,,,,,,
463,pc0251,67,15,1,1,2,0,0,1,3,0,172.75,1.56,1.6,,2,1,2,1,n,2,2,20220519,,Sean,Agnese,y,1,,y,,,,,
464,pb0485,14,7,0,3,0,0,0,0,1,13,733.95,-9.19,-0.3,,2,1,3,2,n,2,2,20220520,,Agnese,Sean,y,1,,,,,,,
465,pc0298,63,10,0,2,0,0,0,1,3,0,714.6,-6.65,0.1,,1,1,1,4,n,2,3,20220520,,Agnese,Sean,y,1,,,,20220606,,,
466,pc0296,19,8,0,2,0,0,0,0,3,0,501.45,-5.55,0,,1,1,1,2,n,2,2,20220520,,Agnese,Sean,y,1,,,,,,,
467,pc0287,51,12,0,4,0,0,0,0,3,0,444.65,-9.82,-1.94,,2,3,1,2,n,2,2,20220520,,Agnese,Sean,y,1,,,,,,,
468,pc0295,37,10,0,2,0,0,0,0,3,0,444.15,-9.72,-1.84,,2,3,1,2,n,4,2,20220520,,Agnese,Sean,y,1,,,,,,,
469,pb4718,70,18,0,2,0,0,0,1,3,0,443.5,-7.32,-0.97,,2,2,1,2,n,2,2,20220520,,Agnese,Sean,y,1,,,,,,,
470,pc0289,64,20,0,4,0,0,0,1,3,1,422.75,-7.54,-0.35,,1,2,1,3,n,2,3,20220520,,Agnese,Sean,y,1,,,,,,,
471,pb0737,47,13,0,9,0,0,0,0,3,5,383.5,-6.58,-0.3,,2,1,1,3,n,2,2,20220520,,Agnese,Sean,y,1,,,,,,,
472,pb0451,44,10,0,4,0,0,0,0,3,4,383.3,-6.88,-0.6,,2,1,1,3,n,2,2,20220520,,Agnese,Sean,y,1,,,,,,,
473,pb0738,77,16,0,5,0,0,0,1,3,0,381.5,-6.54,-0.7,,2,1,1,2,n,2,2,20220520,,Agnese,Sean,y,1,,,,,,,
474,pc0276,57,26,0,5,0,0,0,1,3,1,386.75,-6.82,-0.3,,1,1,1,4,n,2,3,20220520,,Agnese,Sean,y,1,,,,,,,
475,pc0261,81,24,0,13,0,0,0,1,3,0,387.35,-7.45,-0.5,,1,1,1,4,n,2,3,20220520,,Agnese,Sean,y,1,,,,,,,
476,pc0273,40,8,0,2,0,0,0,0,3,0,343.35,-6.91,0,,1,1,2,3,n,2,2,20220520,,Agnese,Sean,y,1,,,,20220606,,,
477,pb3408,75,21,0,6,0,0,0,1,3,1,104.3,-9.3,-0.3,,2,3,1,4,n,2,3,20220520,,Sean,Agnese,y,1,,,,,,,
478,pc0280,43,16,0,5,0,0,0,1,3,0,104.3,-9,-0.4,,2,3,1,3,n,2,2,20220520,,Sean,Agnese,y,1,,,,,,,
479,pc0278,65,13,0,3,0,0,0,1,3,0,103.6,-11.6,-1,,2,3,1,2,n,2,2,20220520,,Sean,Agnese,y,1,,,,,,,
480,pc0299,63,11,0,1,0,0,0,1,3,0,103.1,-10.6,-1,,2,3,1,2,n,2,2,20220520,,Sean,Agnese,y,1,,,,,,,
481,pb2052,60,19,0,2,0,0,0,1,3,1,-275.8,2.76,0.63,,2,3,1,2,n,2,2,20220520,,Sean,Agnese,y,1,,,,,,,
482,pb0458,95,26,0,5,0,0,0,1,3,0,-279.5,2.2,0.14,,3,1,1,4,n,2,3,20220520,,Sean,Agnese,y,1,,,,,,,
483,pc0285,62,15,0,4,0,0,0,1,3,0,289.35,1.98,0.4,,2,2,1,3,n,2,2,20220520,,Sean,Agnese,y,1,,,,,,,
484,pb1821,92,28,0,3,0,0,0,1,3,0,-279,3.3,0.4,,2,3,1,2,n,2,2,20220520,,Sean,Agnese,y,1,,,,,,,
485,pb0410,42,9,0,2,0,0,0,1,3,0,-292.4,3.2,-0.1,,2,3,1,3,n,2,3,20220520,,Sean,Agnese,y,1,,,,,,,
486,pb0405,40,7,0,10,0,0,0,1,3,0,-182.02,61.3159277,15.00432,,2,1,2,2,n,3,2,20220520,,Sean,Agnese,y,1,,,,,,,
487,pc0284,73,10,1,1,2,0,1,1,3,0,86.26,1.7,0.93,,2,2,3,2,n,2,3,20220520,,Sean,Agnese,y,1,,y,,,,,
488,pc0290,20,9,0,1,0,0,1,0,3,0,85.22,1.53,2.08,,2,1,3,2,n,2,2,20220520,,Sean,Agnese,y,1,,,,,,,
489,pc0268,51,15,0,4,0,0,0,1,3,0,422.02,1.46,0.75,,3,3,1,2,n,2,2,20220520,,Sean,Agnese,y,1,,y,,,,,
490,pc0283,32,11,0,1,0,0,0,1,2,0,889.54,1.5,0.67,,3,2,3,1,n,2,2,20220520,,Sean,Agnese,y,1,,,,,,,
491,pc0279,20,18,0,2,0,0,0,0,3,0,891.32,1.56,0.78,,3,2,4,1,na,1,1,20220520,,Sean,Agnese,y,1,,,,,,,
492,pc0253,61,21,0,2,0,0,0,1,3,0,896.35,1.78,3.03,,2,1,3,3,n,2,3,20220520,,Sean,Agnese,y,1,,,,,,,
493,pc0254,8,5,0,1,0,0,1,0,3,0,969.51,1.36,2.3,,2,2,3,2,n,2,2,20220520,,Sean,Agnese,y,1,,,,,,,
494,pb0260,8,5,0,5,0,0,0,0,1,5,968.01,1.12,2.16,,4,3,4,1,d,2,2,20220520,,Sean,Agnese,n,1,,,y,,,,no tissue to collect on day 55
495,pc0270,16,11,0,1,0,1,0,0,3,0,975.33,1.99,2.58,,3,3,3,1,n,2,2,20220520,,Sean,Agnese,y,1,,,,,,,
496,pc0300,131,22,1,1,1,0,0,1,3,0,154.2,1.4,0.69,,h,l,h,m,n,l,l,20220521,,Sean,Agnese,y,2,,,,,,,
497,pc0297,44,11,1,3,1,0,0,1,3,0,128.8,1.73,3.7,,m,m,h,l-,d,l,l,20220521,,Sean,Agnese,y,2,,,,,,,
498,pc0294,54,15,1,2,1,0,0,0,3,0,611.49,1.51,1.87,,h,h,l,m,n,l,m,20220521,,Sean,Agnese,y,2,,,,,,,
499,pc0286,18,8,0,3,0,0,0,0,3,0,495.05,2.75,3.33,,h,h,h,l-,na,na,l,20220524,,Agnese,Sean,y,4,,,,,,,
500,pc0291,10,4,0,1,0,0,0,0,3,0,448.35,1.25,1.12,,h,l,h,l-,n,h,l,20220524,,Agnese,Sean,y,4,,,,,,,
501,pc0281,27,8,0,3,0,0,1,0,3,2,453.45,1.9,2.2,,m,l,l,l,n,m,l,20220524,,Agnese,Sean,y,4,,,,,,,
502,pb4859,8,7,0,1,0,0,1,0,3,0,467.4,1.5,1.8,,h,m,m,l-,n,l,l,20220524,,Agnese,Sean,y,4,,,,,,,
503,pc0277,11,5,0,1,0,0,1,0,3,0,585.72,2.28,2.2,,h,h,h,l,n,l,l,20220524,,Agnese,Sean,y,4,,,,,,,
504,pc0288,10,4,0,1,0,0,0,0,3,1,696.7,0.9,0.63,,h,m,h+,l-,n,h,l,20220524,,Agnese,Sean,y,4,,,,,,,
505,pc0271,100,12,4,2,19,0,0,1,3,0,-211.6,24.6,1.6,,l,m,l,l,n,l,l,20220525,,Agnese,Sean,y,5,,,,,,,
506,pb0526,10,2,0,5,0,0,0,0,3,5,-290.3,-7.6,-1.1,,l,l,l,m,n,h,l,20220525,,Agnese,Sean,y,5,,,,,,,
507,pc0322,41,13,0,5,0,0,0,0,3,5,-273,-6,-1.15,,m,m,l,h,n,l,h,20220525,,Agnese,Sean,y,5,,,,,,,
508,pc0315,65,37,0,2,0,0,0,1,3,0,776.1,2.8,2.52,,h,l,h+,l-,na,na,l,20220525,,Agnese,Sean,y,5,,,,,,,
509,pc0183,77,24,1,10,2,0,0,1,3,0,725.35,4.79,0.65,,m,h,l,h,n,l,h,20220526,,Sean,Agnese,y,6,,,,,,,
510,pc0282,36,12,0,1,0,0,1,1,3,0,358.15,1.34,0.9,,h,l,,l,n,l,l,20220526,,Sean,Agnese,y,6,,y,,,,,
511,pb0770,87,15,1,4,4,0,0,1,3,0,346.37,1.8,3.3,,m,m,m,m,n,l,h,20220526,,Sean,Agnese,y,6,,,,,,,
512,pc0252,28,7,0,1,0,0,0,0,3,0,289.27,-7.17,-0.6,,m,l,l,l,n,m,l,20220526,,Sean,Agnese,y,6,,,,,,,
513,pc0292,61,16,2,2,4,0,0,1,3,0,797.45,-6.9,-0.4,,l,l,l,m,n,m,m,20220527,,Sean,Agnese,y,7,,,,,,,
514,pc0262,61,15,0,1,0,0,0,1,3,0,234.85,1.78,1.49,,h,l,m,m,n,l,l,20220528,,Sean,Agnese,y,8,,,,,,,
515,pc0293,48,11,0,2,0,0,0,1,3,0,180.12,-6.3,-0.1,,l,m,l,h,n,l,m,20220529,,Sean,Agnese,y,9,,,,,20220606,,
516,pc0306,41,8,1,3,1,0,0,1,3,0,319.2,-7.8,-1.13,,m,h,l,l,n,l,l,20220529,,Sean,Agnese,y,9,,,,,,,
517,pc0305,77,16,0,1,0,0,0,1,3,0,362.4,-6.11,-0.65,,m,l,l,h,n,l,m,20220529,,Sean,Agnese,y,9,,,,,,,
518,pc0308,42,11,0,4,0,0,0,1,3,0,365.3,-5.72,-0.12,,l,l,l,m,n,l,l,20220529,,Sean,Agnese,y,9,,,,,,,
519,pc0309,53,10,0,9,0,0,0,1,3,0,365.9,-5.98,-0.46,,m,l,l,h,n,l,m,20220529,,Sean,Agnese,y,9,,,,,,,
520,pc0316,29,7,0,2,0,0,3,0,3,0,768.41,1.95,1.32,,h+,m,h+,l-,na,na,l,20220530,,Sean,Agnese,y,10,,,,,,,
521,pc0317,76,19,0,1,0,0,0,1,3,0,325.77,2.34,2.3,,h,m,m,m,n,l,m,20220530,,Sean,Agnese,y,10,,,,,,,
522,pc0320,43,18,1,0,1,0,0,1,3,0,223.1,1.35,1.59,,h,l,h,l,n,l,l,20220530,,Sean,Agnese,y,10,,,,,,,
523,pc0304,36,7,0,3,0,0,0,0,3,0,223.7,1.3,0.39,,h,l,l,l,n,l,l,20220530,,Sean,Agnese,y,10,,,,,,,
524,pa2477,20,4,0,1,0,0,0,0,3,0,224.31,1.4,0.39,,h,l,l,l,n,m,l,20220530,,Sean,Agnese,y,10,,,,,,,
525,pc0324,23,7,0,1,0,0,0,0,3,0,224.09,1.7,1.51,,h+,m,h,l,n,l,l,20220530,,Sean,Agnese,y,10,,,,,,,
526,pc0307,17,7,0,1,0,0,0,0,3,0,224.16,1.68,1.85,,h,l,m,l,n,l,m,20220530,,Sean,Agnese,y,10,,,,,,,
527,pc0325,28,11,0,1,0,0,0,0,3,0,224.77,1.34,0.69,,h,l,l,m,n,l,l,20220530,,Sean,Agnese,y,10,,,,,,,
528,pc0314,41,13,1,2,1,0,0,1,3,0,505.3,-5.98,-0.1,,l,l,l,l,n,l,l,20220531,,Sean,Agnese,y,11,,,,,20220606,,
529,pc0301,34,9,0,2,0,0,0,0,3,0,930.95,-6.5,-0.2,,l,h,l,l,n,l,l,20220601,,Agnese,Sean,y,12,,,,,,,
530,pc0321,30,8,0,2,0,0,0,0,3,0,931.15,-6.46,0,,l,h,l,l,n,l,l,20220601,,Agnese,Sean,y,12,,,,,,,
531,pc0323,49,8,0,4,0,0,0,1,3,0,798.77,2.66,4.6,,m,h,h,l-,d,l,l,20220601,,Agnese,Sean,y,12,,,,,,,
532,pc0313,26,5,0,2,0,0,0,0,3,0,227.65,1.5,0.8,,h,l,l,m,n,l,l,20220601,,Agnese,Sean,y,12,,,,,,,
533,pc0303,78,10,2,1,5,0,0,1,3,0,-155.51,71.57,12.21,,l,l,l,h,n,h,h,20220601,,Agnese,Sean,y,12,,,,,,,
534,pc0311,59,12,0,1,0,0,0,1,3,0,239.55,2.12,1.5,,h,l,m,m,n,l,l,20220601,,Sean,Agnese,y,12,,,,,,,
535,pc0310,70,11,1,1,1,0,0,1,3,0,585.52,2.54,4.85,,m,h,l,l-,n,l,l,20220603,,Agnese,Sean,y,14,,,,,,,
536,pc0319,45,14,2,0,5,0,0,1,3,0,415.5,2.8,4.3,,m,h,m,l,n,l,l,20220603,,Sean,Agnese,y,14,,,,,,,
537,pc0318,45,9,1,0,3,0,0,0,3,0,251.65,1.73,4.15,,m,h,m,l,n,l,l,20220603,,Sean,Agnese,y,14,,,,,,,
538,pc0312,56,15,1,1,2,0,0,0,3,0,-164.43,73.21,14.39,,l,l,l,m,n,l,l,20220603,,Sean,Agnese,y,14,,,,,,,
539,pc0846,50,12,1,0,1,0,0,1,3,0,805.9,2.15,3.75,,m,l,l,m,n,h,m,20220604,,Sean,Agnese,y,15,,,,,,,
540,pc0847,40,9,0,1,0,0,0,1,3,0,806.54,2.05,3.52,,h,l,m,l,n,l,l,20220604,,Sean,Agnese,y,15,,,,,,,
541,pc0839,43,9,1,0,1,1,0,1,3,0,-190.8,5.45,14.43,,l,l,l,h,n,l,h,20220604,,Sean,Agnese,y,15,,,,,,,
542,pc0845,75,21,1,1,2,0,0,1,3,0,719.35,4.35,-0.4,,m,h,l,m,n,l,l,20220605,,Agnese,Sean,y,16,,,,,,,
543,pc0841,77,17,1,4,0,0,0,1,3,0,719.97,5.7,-0.25,,m,h,m,m,n,l,l,20220605,,Agnese,Sean,y,16,,,,,,,
544,pc0836,66,11,1,1,1,0,0,1,3,0,360.25,1.31,2.25,,m,l,m,m,n,l,m,20220605,,Sean,Agnese,y,16,,,,,,,
545,pc0384,31,8,0,2,0,0,0,1,3,1,769.35,0.95,0.39,,h,m,m,m,n,l,l,20220606,,Sean,Agnese,y,17,,,,,,,
546,pc0829,73,14,0,1,0,1,0,1,3,0,546,2.85,2.5,,m,l,l,h,n,l,h,20220607,,Sean,Agnese,y,18,,,,,,,
547,pc0837,40,13,1,1,1,0,0,0,3,0,365.55,2.1,4.1,,h,m,m,l-,n,l,l,20220607,,Sean,Agnese,y,18,,,,,,,
548,pc0849,53,8,0,1,0,0,0,1,3,0,315.75,1.96,1.24,,m,m,l,h,n,l,m,20220607,,Sean,Agnese,y,18,,,,,,,
549,pc0832,53,9,0,1,0,0,0,1,3,0,897.15,2.05,3.25,,h,m,l,l,n,l,l,20220607,,Sean,Agnese,y,18,,,,,,,
550,pb4716,53,10,1,0,1,0,0,1,3,0,-263.1,2.4,0.8,,l,l,l,h,n,l,m,20220610,,Sean,Agnese,y,21,,,,,,,
551,pc0838,66,10,1,0,1,0,0,1,3,0,703.84,1.9,0.8,,h,h,m,l,n,l,l,20220611,,Agnese,Sean,y,22,,,,,,,
552,pc0842,55,11,1,0,1,0,0,1,3,0,621.48,2.17,1.98,,h,m,l,h,n,m,m,20220611,,Agnese,Sean,y,22,,,,,,,
553,pc0302,52,10,1,0,1,0,0,1,3,0,782.74,-7.88,-0.6,,l,l,l,m,n,l,l,20220612,,Sean,Agnese,y,23,,,,,,,
554,pc0828,65,14,1,0,2,0,0,1,3,0,719.8,4.53,-0.35,,m,h,l,h,n,l,m,20220612,,Sean,Agnese,y,23,,,,,,,
555,pc0830,45,9,0,4,0,0,0,1,3,0,834,2.12,1.35,,m,m,l,m,n,l,m,20220613,,Sean,Agnese,y,24,,,,,,,
556,pc0833,46,11,0,2,0,0,0,1,3,0,133.02,0.85,0.05,,l,m,l,m,n,l,m,20220613,,Sean,Agnese,y,24,,,,,,,
557,pc0840,45,9,1,0,2,0,0,0,3,0,248.95,1.75,3.55,,h,l,h+,l-,n,l,l,20220615,,Sean,Agnese,y,26,,,,,,,
558,pc0843,62,9,0,1,0,0,0,1,3,0,104,-9,-0.4,,m,h,l,m,n,l,l,20220615,,Sean,Agnese,y,26,,,,,,,
559,pc0835,74,12,1,3,2,0,1,1,3,0,291.7,-7.7,-1.45,,m,l,l,m,n,l,l,20220615,,Sean,Agnese,y,26,,,,,,,
560,pc0831,45,9,0,2,0,0,0,1,3,0,553.95,2,1.07,,m,l,l,m,n,l,l,20220616,,Sean,Agnese,y,27,,,,,,,
561,pc0827,38,11,1,0,1,0,0,1,3,0,247.68,1.95,2.8,,h,l,m,l,n,l,l,20220616,,Sean,Agnese,y,27,,,,,,,
562,pc0844,26,5,1,0,1,0,0,1,3,0,185.98,1.8,2.72,,h,m,m,l,n,l,l,20220616,,Sean,Agnese,y,27,,,,,,,
563,pc0826,43,12,1,6,1,0,0,1,3,0,-278.39,2.37,0.57,,m,m,l,l,n,l,l,20220616,,Sean,Agnese,y,27,,,,,,,
564,pc0850,4,11,1,0,2,0,0,1,3,0,686.95,-7.6,-0.42,,m,m,l,h,n,l,l,20220616,,Sean,Agnese,y,27,,,,,,,
565,pc1922,58,13,0,2,0,0,0,0,3,0,488.45,1.51,0.48,,m,m,l,m,n,l,l,20220617,,Sean,Agnese,y,28,,,,,,,
566,pc1923,31,10,1,0,1,0,0,1,3,0,450.1,1.1,0.44,,h,l,h,l,n,l,l,20220617,,Sean,Agnese,y,28,,,,,,,
567,pc1903,31,7,0,7,0,0,0,0,3,2,449.35,1.75,1.57,,m,h,h,l-,na,na,l,20220617,,Sean,Agnese,y,28,,,,,,,
568,pc1905,4,8,1,0,1,0,0,0,3,0,370.2,1.87,1.2,,h,m,l,m,n,l,m,20220617,,Sean,Agnese,y,28,,,,,,,
569,pc1910,44,10,0,1,0,0,0,1,3,0,146.35,1.72,0.83,,m,l,m,m,n,l,l,20220617,,Sean,Agnese,y,28,,,,,,,
570,pc1916,53,11,1,2,1,0,0,1,3,0,-131.53,88.689,10.94,,m,l,l,m,n,h,l,20220617,,Sean,Agnese,y,28,,,,,,,
571,pc1925,42,12,0,1,0,0,0,1,3,0,850.18,2.8,1.05,,h,h,h,l-,n,l,l,20220618,,Sean,Agnese,y,29,,,,,,,
572,pc1919,90,11,1,3,3,0,0,1,3,0,719.82,8.38,-0.5,,m,h,l,m,n,m,m,20220618,,Sean,Agnese,y,29,,,,,,,
573,pa2488,52,8,1,5,4,0,0,1,3,0,370.57,2.45,3.15,,h,l,m,l,n,l,l,20220618,,Sean,Agnese,y,29,,,,,,,
574,pc1924,80,15,1,2,4,0,0,1,3,0,236.23,2.66,3.4,,m,m,l,h,n,l,m,20220618,,Sean,Agnese,y,29,,,,,,,
575,pc1911,64,13,1,0,1,0,0,1,3,0,317.85,-7.2,-0.55,,h,m,l,h,n,h,m,20220618,,Sean,Agnese,y,29,,,,,,,
576,pc1914,35,16,0,3,0,0,0,1,3,3,527.14,1.15,0.19,,m,h,l,m,n,l,l,20220619,,Sean,Agnese,y,30,,,,,,,
577,pc1912,42,13,0,2,0,0,0,0,,0,411.12,1.45,1.33,,h,l,h,l,n,l,l,20220619,,Sean,Agnese,y,30,,,,,,,Dead
578,pb1827,55,18,1,1,1,0,0,1,3,0,-40.6,-5.9,0,,m,l,m,m,n,m,l,20220619,,Sean,Agnese,y,30,,,,,,,
579,pc1901,67,13,1,0,1,0,0,1,3,1,369.6,1.46,0.84,,m,l,l,m,n,l,l,20220620,,Sean,Agnese,y,31,,,,,,,
580,pc1906,59,8,1,2,1,0,1,1,3,0,712.3,-6.92,-0.25,,l,l,l,h,n,m,l,20220621,,Sean,Agnese,y,32,,,,,,,
581,pc1909,28,5,1,2,2,1,0,1,3,0,784.25,1.97,3.75,,m,l,h+,l-,d,l,l,20220621,,Sean,Agnese,y,32,,,,,,,
582,pc1921,47,11,2,0,4,0,0,1,3,0,546.2,2.07,0.9,,m,l,l,m,n,l,l,20220622,,Sean,Will,y,33,,,,,,,
583,pc1917,38,8,1,0,1,0,0,1,3,0,272.75,1.32,1.92,,h,m,m,l,n,l,m,20220623,,Sean,Will,y,34,,,,,,,
584,pb1834,51,15,0,1,0,0,0,1,3,1,-62.2,-6.02,0,,l,l,l,h,n,m,l,20220623,,Sean,Will,y,34,,,,,,,
585,pc1902,42,13,1,0,1,0,0,1,3,0,1011.42,2.48,0.9,,m,h,l,m,n,l,l,20220624,,Sean,Agnese,y,35,,,,,,,
586,pc1913,44,13,0,1,0,0,0,1,3,0,916.35,1.75,1.8,,h,m,h,l,n,l,l,20220625,,Sean,Agnese,y,36,,,,,,,
587,pc1920,12,6,0,1,0,0,2,0,3,0,798.58,0.92,0.7,,m,h,m,l,d,l,l,20220625,,Sean,Agnese,y,36,,,,,,,
588,pc1907,28,8,0,1,0,0,0,1,3,0,770.59,2.02,3.4,,m,l,m,m,n,h,m,20220625,,Sean,Agnese,y,36,,,,,,,
589,pc1915,45,13,1,0,1,0,0,1,3,1,773.83,0.7,0,,l,l,l,h,n,l,h,20220625,,Sean,Agnese,y,36,,,,,,,
590,pc1904,36,14,0,2,0,0,0,0,3,0,464.96,1.01,0.28,,m,l,l,l,n,l,l,20220625,,Sean,Agnese,y,36,,,,,,,
591,pc1908,78,10,0,2,0,0,0,0,3,0,719.97,5.8,-0.33,,m,h,m,m,n,l,m,20220629,,Sean,Agnese,y,40,,,,,,,
592,pc2523,43,11,1,0,2,0,0,0,3,0,723.96,2.35,0,,l,l,l,m,n,h,m,20220630,,Sean,Agnese,y,41,,,,,,,
593,pc2504,71,16,0,1,0,0,0,1,3,0,374.95,1.77,0.42,,h,l,l,m,n,l,l,20220630,,Sean,Agnese,y,41,,,,,,,
594,pc2518,42,8,1,4,1,0,0,1,3,0,786.4,-6.85,-0.05,,l,l,l,h,n,l,l,20220630,,Sean,Agnese,y,41,,,,,,,
595,pc2521,18,7,0,1,0,0,0,0,3,0,59.45,3.15,1.06,,m,m,m,l-,n,l,l,20220630,,Sean,Agnese,y,41,,,,,,,
596,pc2502,67,11,6,0,18,0,0,1,3,0,-280.5,-7.2,-1.19,,m,m,l,h,n,l,h,20220630,,Sean,Agnese,y,41,,,,,,,
597,pc2511,51,12,0,3,0,0,0,1,3,0,484.78,1.15,0.4,,h,m,m,l,n,l,l,20220701,,Sean,Agnese,y,42,,,,,,,
598,pc2501,29,13,0,2,0,0,2,0,3,0,484.69,1.15,0.65,,m,m,m,l,n,m,l,20220701,,Sean,Agnese,y,42,,,,,,,
599,pc2503,58,10,0,1,0,0,0,1,3,0,259.66,1.27,2.6,,h,h,h,l-,n,l,l,20220701,,Sean,Agnese,y,42,,,,,,,
600,pb0539,38,11,0,1,0,0,0,1,3,0,-291.4,-7.88,-0.59,,l,h,l,h,n,m,h,20220701,,Sean,Agnese,y,42,,,,,,,
601,pc2460,34,11,1,5,2,0,2,1,3,1,-37.2,0.93,0.21,,l,l,l,h,d,m,l,20220702,,Sean,Agnese,y,43,,,,,,,
602,pc2520,44,9,1,1,1,0,1,0,3,0,609.89,1.63,1.52,,h,m,m,m,n,l,m,20220703,,Sean,Agnese,y,44,,,,,,,
603,pc2509,55,11,1,1,1,0,0,1,3,0,190.74,2.58,3.16,,m,l,l,l,d,l,l,20220703,,Sean,Agnese,y,44,,,,,,,
604,pc2517,30,10,1,2,1,0,0,1,3,0,-132.27,89.82612512,16.17165909,,m,l,l,l,n,l,l,20220703,,Sean,Agnese,y,44,,,,,,,
605,pc2505,41,16,0,3,0,0,0,1,3,2,689.48,1.15,0.2,,m,h,l,m,w,l,l,20220704,,Sean,Agnese,y,45,,,,,,,
606,pc2507,39,14,1,0,1,0,0,1,3,0,541.66,2.6,1.55,,m,l,l,h,n,l,m,20220704,,Sean,Agnese,y,45,,,,,,,
607,pc2515,47,11,0,1,0,0,0,1,3,0,360.16,1.21,2.25,,h,l,l,m,n,l,h,20220704,,Sean,Agnese,y,45,,,,,,,
608,pb0464,39,9,1,4,1,0,0,1,3,0,278.89,-7.35,-0.15,,l,h,l,h,n,l,m,20220704,,Sean,Agnese,y,45,,,,,,,
609,pc2506,87,13,2,0,4,0,0,0,3,0,33.1,6.45,2.11,,l,l,m,l,n,l,l,20220705,,Sean,Agnese,y,46,,,,,,,
610,pc2522,31,11,1,1,1,0,0,0,2,0,21.72,3.9,0,,l,m,l,m,n,m,l,20220705,,Sean,Agnese,y,46,,,,,,,
611,pc2516,50,15,1,0,1,0,0,1,3,1,461.2,2.17,3.05,,h,m,h,l,n,l,l,20220705,,Sean,Agnese,y,46,,,,,,,
612,pc2514,48,11,1,0,2,0,0,0,3,0,320.31,2.14,2,,h,l,l,h,n,l,h,20220707,,Agnese,Viki,y,48,,,,,,,
612,pb4319,52,13,1,1,1,0,0,1,3,1,498.3,7.26,-0.7,,m,h,l,h,n,l,m,20220706,,Sean,Agnese,y,47,,,,,,,
613,pb0787,41,10,1,3,1,0,0,0,3,3,400.8,2.42,2.6,,h,h,m,l,n,l,l,20220707,,Agnese,Viki,y,48,,,,,,,
614,pc2512,34,11,1,0,2,1,0,1,3,0,1016.73,2.7,0,,l,l,l,m,n,l,m,20220708,,Sean,Agnese,y,49,,,,,,,
615,pc2752,37,10,1,0,1,0,0,0,3,0,947.1,2.79,3.4,,m,m,l,l,n,l,l,20220708,,Sean,Agnese,y,49,,,,,,,
616,pc2751,37,8,1,2,1,0,0,1,3,0,774.21,0.78,0,,l,l,l,h,n,l,h,20220708,,Sean,Agnese,y,49,,,,,,,
617,pc2773,31,9,1,6,2,0,0,1,3,0,-132.59,89.45612512,15.95165909,,m,l,l,l-,n,l,l,20220708,,Sean,Agnese,y,49,,,,,,,
618,pc2758,50,10,1,1,1,0,0,1,2,0,1014.63,3.56,1.58,,m,h,l,m,n,l,l,20220708,,Sean,Agnese,y,49,,,,,,,
619,pc2753,33,11,1,2,1,0,0,1,3,0,863.03,4.4,2.04,,m,l,l,l,n,l,l,20220709,,Sean,Agnese,y,50,,,,,,,
620,pc2524,53,13,1,0,1,0,0,1,3,0,649.81,2.53,3.2,,m,h,h,l-,n,l,l,20220710,,Sean,Agnese,y,51,,,,,,,
621,pc2766,23,8,0,1,0,0,0,0,3,0,649.93,2.06,2.6,,m,h,h,k-,n,l,l,20220710,,Sean,Agnese,y,51,,,,,,,
622,pc2757,41,8,1,0,1,0,0,0,3,0,365.9,-5.98,-0.46,,m,l,l,h,n,l,h,20220710,,Sean,Agnese,y,51,,,,,,,
623,pa0283,58,11,1,1,1,0,0,0,3,1,587.48,2.4,3.21,,h,h,h,l,n,l,l,20220710,,Sean,Agnese,y,51,,,,,,,
624,pc2755,31,8,1,0,1,0,0,0,2,0,898.39,2.79,3.54,,l,m,h,l,n,l,l,20220711,,Sean,Agnese,y,52,,,,,,,
625,pc2764,41,8,1,1,2,1,0,0,3,0,816.16,2.53,2.33,,m,m,l,l,n,h,l,20220711,,Sean,Agnese,y,52,,,,,,,
626,pb0136,35,10,1,0,1,0,0,0,3,1,450.15,1.3,0.75,,h,m,m,l,n,l,l,20220712,,Sean,Agnese,y,28,,,,,,,
627,pc2754,30,12,1,1,1,1,0,1,3,0,553.88,1.91,0.98,,m,l,l,m,n,l,l,20220712,,Sean,Agnese,y,53,,,,,,,
628,pc2519,49,11,2,0,7,1,0,1,3,0,843.96,-8.53,-0.4,,l,l,l,m,n,l,m,20220713,,Sean,Agnese,y,54,,,,,,,
629,pa2485,44,10,1,1,1,1,0,1,3,0,245.43,1.46,1.2,,h,l,m,m,n,l,l,20220713,,Sean,Agnese,y,46,,,,,,,
630,pb0345,68,8,2,0,4,0,0,1,3,0,839.9,2.91,1.2,,h,h,m,m,n,l,l,20220714,,Sean,Alba,y,12,,,,,,,
631,pb0395,31,7,0,2,0,0,0,0,3,0,839.35,2.7,0.9,,m,m,h,l,n,l,l,20220714,,Sean,Alba,y,47,,,,,,,
632,pb0492,87,13,1,0,6,0,0,0,3,4,855.83,0.83,0,,l,l,,h,n,l,l,20220714,,Sean,Alba,y,4,,,,,,,